{"Year":[2012,2012,2012,2012,2012,2012,2012,2012,2012,2013,2013,2013,2013,2013,2013,2013,2013,2013,2014,2014,2014,2014,2014,2014,2014,2014,2014,2015,2015,2015,2015,2015,2015,2015,2015,2015,2016,2016,2016,2016,2016,2016,2016,2016,2016,2017,2017,2017,2017,2017,2017,2017,2017,2017,2018,2018,2018,2018,2018,2018,2018,2018,2018,2019,2019,2019,2019,2019,2019,2019,2019,2019],"\uad6c\ubd84":[null,"\uc11c\uc6b8","\ubd80\uc0b0","\ub300\uad6c","\uc778\ucc9c","\uad11\uc8fc","\ub300\uc804","\uc6b8\uc0b0","\uc138\uc885",null,"\uc11c\uc6b8","\ubd80\uc0b0","\ub300\uad6c","\uc778\ucc9c","\uad11\uc8fc","\ub300\uc804","\uc6b8\uc0b0","\uc138\uc885",null,"\uc11c\uc6b8","\ubd80\uc0b0","\ub300\uad6c","\uc778\ucc9c","\uad11\uc8fc","\ub300\uc804","\uc6b8\uc0b0","\uc138\uc885",null,"\uc11c\uc6b8","\ubd80\uc0b0","\ub300\uad6c","\uc778\ucc9c","\uad11\uc8fc","\ub300\uc804","\uc6b8\uc0b0","\uc138\uc885",null,"\uc11c\uc6b8","\ubd80\uc0b0","\ub300\uad6c","\uc778\ucc9c","\uad11\uc8fc","\ub300\uc804","\uc6b8\uc0b0","\uc138\uc885",null,"\uc11c\uc6b8","\ubd80\uc0b0","\ub300\uad6c","\uc778\ucc9c","\uad11\uc8fc","\ub300\uc804","\uc6b8\uc0b0","\uc138\uc885",null,"\uc11c\uc6b8","\ubd80\uc0b0","\ub300\uad6c","\uc778\ucc9c","\uad11\uc8fc","\ub300\uc804","\uc6b8\uc0b0","\uc138\uc885",null,"\uc11c\uc6b8","\ubd80\uc0b0","\ub300\uad6c","\uc778\ucc9c","\uad11\uc8fc","\ub300\uc804","\uc6b8\uc0b0","\uc138\uc885"],"Value":[1.4219610495,26.2686044247,9.6346387703,5.0895205892,8.0829458771,5.4175320102,6.0083316,4.7846443234,5.3603404768,1.4194280443,25.8173793117,9.7312828337,5.1392847548,6.126023816,5.7497283373,6.5515913907,4.7944713099,5.3887307353,1.4109468852,25.6399287029,10.6779336217,5.1022380863,5.9283206096,5.778358738,6.4869352261,4.8629232049,5.6116541994,1.401310088,25.5416501522,11.0168790494,5.0756298238,6.0324897511,5.7836797374,5.9405841328,4.8872852317,5.8558603306,1.4012751677,25.0828231992,10.1036398539,5.0039311137,5.6472261254,5.7828440856,6.0111515337,4.9817557907,5.8694312971,1.3936489951,24.9696959197,9.6530474117,5.0232180486,5.4558494371,5.7667810717,6.301182823,4.9409617319,5.6822826228,1.3823147902,25.1357371454,8.865319524,5.008859852,5.6661519344,5.5728388039,7.4647068762,4.9410714776,5.7916065893,1.3648503106,25.0979570814,8.1745456906,5.0346911173,6.1641183751,5.5778154916,7.5163838691,4.9134360128,5.911508417]}