{"Year":[2000,2001,2002,2003,2004,2005,2006,2007,2008,2009,2010,2011,2012,2013,2014,2015,2016,2017,2018,2019,2000,2001,2002,2003,2004,2005,2006,2007,2008,2009,2010,2011,2012,2013,2014,2015,2016,2017,2018,2019,2000,2001,2002,2003,2004,2005,2006,2007,2008,2009,2010,2011,2012,2013,2014,2015,2016,2017,2018,2019,2000,2001,2002,2003,2004,2005,2006,2007,2008,2009,2010,2011,2012,2013,2014,2015,2016,2017,2018,2019,2000,2001,2002,2003,2004,2005,2006,2007,2008,2009,2010,2011,2012,2013,2014,2015,2016,2017,2018,2019,2000,2001,2002,2003,2004,2005,2006,2007,2008,2009,2010,2011,2012,2013,2014,2015,2016,2017,2018,2019,2000,2001,2002,2003,2004,2005,2006,2007,2008,2009,2010,2011,2012,2013,2014,2015,2016,2017,2018,2019],"\uad6c\ubd84":[null,null,null,null,null,null,null,null,null,null,null,null,null,null,null,null,null,null,null,null,"CO\u2082","CO\u2082","CO\u2082","CO\u2082","CO\u2082","CO\u2082","CO\u2082","CO\u2082","CO\u2082","CO\u2082","CO\u2082","CO\u2082","CO\u2082","CO\u2082","CO\u2082","CO\u2082","CO\u2082","CO\u2082","CO\u2082","CO\u2082","CH\u2084","CH\u2084","CH\u2084","CH\u2084","CH\u2084","CH\u2084","CH\u2084","CH\u2084","CH\u2084","CH\u2084","CH\u2084","CH\u2084","CH\u2084","CH\u2084","CH\u2084","CH\u2084","CH\u2084","CH\u2084","CH\u2084","CH\u2084","N\u2082O","N\u2082O","N\u2082O","N\u2082O","N\u2082O","N\u2082O","N\u2082O","N\u2082O","N\u2082O","N\u2082O","N\u2082O","N\u2082O","N\u2082O","N\u2082O","N\u2082O","N\u2082O","N\u2082O","N\u2082O","N\u2082O","N\u2082O","HFCs","HFCs","HFCs","HFCs","HFCs","HFCs","HFCs","HFCs","HFCs","HFCs","HFCs","HFCs","HFCs","HFCs","HFCs","HFCs","HFCs","HFCs","HFCs","HFCs","PFCs","PFCs","PFCs","PFCs","PFCs","PFCs","PFCs","PFCs","PFCs","PFCs","PFCs","PFCs","PFCs","PFCs","PFCs","PFCs","PFCs","PFCs","PFCs","PFCs","SF6","SF6","SF6","SF6","SF6","SF6","SF6","SF6","SF6","SF6","SF6","SF6","SF6","SF6","SF6","SF6","SF6","SF6","SF6","SF6"],"Value":[502.68146,515.95497,538.40587,548.76178,557.01177,561.47206,566.99781,580.34084,593.99122,598.00131,656.04882,684.7034,688.03533,697.3088,692.10073,692.57595,693.61245,710.74339,727.04517,701.37042,443.67442,459.37795,478.85964,487.339,492.76055,498.23637,504.04674,524.26346,538.15406,542.52542,595.30786,625.93474,627.77995,636.63726,629.87014,634.3204,637.42768,650.22024,664.97614,643.76699,27.85095,28.20596,28.38879,28.38763,27.45539,27.46237,27.30573,27.14431,27.09696,27.12896,27.74608,27.82026,27.69135,27.5016,27.32613,27.19561,27.24975,27.87295,28.00877,27.51104,17.63959,17.80337,17.61244,21.01148,23.5011,22.05331,21.30846,12.17121,11.61605,12.00001,12.55265,12.34569,12.87767,13.04596,13.14152,13.10131,13.058,13.89801,14.3979,14.30989,8.44331,5.85164,8.65261,6.44292,6.59097,6.65118,6.09796,7.36299,6.88107,5.84615,8.08759,7.907,8.69442,8.09474,8.53755,7.93123,7.36592,9.64858,9.30452,6.85488,2.24973,1.98949,1.97316,2.2669,2.77407,2.79676,2.92512,2.97831,2.7928,2.04714,2.26459,2.07179,2.26788,2.32056,2.4269,1.52149,1.48926,2.12277,3.17978,3.00327,2.82346,2.72655,2.91923,3.31385,3.92968,4.27208,5.31382,6.42056,7.45027,8.45362,10.09005,8.62393,8.72407,9.70869,10.7985,8.50592,7.02184,6.98084,7.17805,5.92435]}