{"Year":[2000,2001,2002,2003,2004,2005,2006,2007,2008,2009,2010,2011,2012,2013,2014,2015,2016,2017,2018,2019,2020,2021,2000,2001,2002,2003,2004,2005,2006,2007,2008,2009,2010,2011,2012,2013,2014,2015,2016,2017,2018,2019,2020,2021,2000,2001,2002,2003,2004,2005,2006,2007,2008,2009,2010,2011,2012,2013,2014,2015,2016,2017,2018,2019,2020,2021,2000,2001,2002,2003,2004,2005,2006,2007,2008,2009,2010,2011,2012,2013,2014,2015,2016,2017,2018,2019,2020,2021,2000,2001,2002,2003,2004,2005,2006,2007,2008,2009,2010,2011,2012,2013,2014,2015,2016,2017,2018,2019,2020,2021,2000,2001,2002,2003,2004,2005,2006,2007,2008,2009,2010,2011,2012,2013,2014,2015,2016,2017,2018,2019,2020,2021,2000,2001,2002,2003,2004,2005,2006,2007,2008,2009,2010,2011,2012,2013,2014,2015,2016,2017,2018,2019,2020,2021],"\uad6c\ubd84":[null,null,null,null,null,null,null,null,null,null,null,null,null,null,null,null,null,null,null,null,null,null,"Co2","Co2","Co2","Co2","Co2","Co2","Co2","Co2","Co2","Co2","Co2","Co2","Co2","Co2","Co2","Co2","Co2","Co2","Co2","Co2","Co2","Co2","CH4","CH4","CH4","CH4","CH4","CH4","CH4","CH4","CH4","CH4","CH4","CH4","CH4","CH4","CH4","CH4","CH4","CH4","CH4","CH4","CH4","CH4","N2O","N2O","N2O","N2O","N2O","N2O","N2O","N2O","N2O","N2O","N2O","N2O","N2O","N2O","N2O","N2O","N2O","N2O","N2O","N2O","N2O","N2O","HFCs","HFCs","HFCs","HFCs","HFCs","HFCs","HFCs","HFCs","HFCs","HFCs","HFCs","HFCs","HFCs","HFCs","HFCs","HFCs","HFCs","HFCs","HFCs","HFCs","HFCs","HFCs","PFCs","PFCs","PFCs","PFCs","PFCs","PFCs","PFCs","PFCs","PFCs","PFCs","PFCs","PFCs","PFCs","PFCs","PFCs","PFCs","PFCs","PFCs","PFCs","PFCs","PFCs","PFCs","SF6","SF6","SF6","SF6","SF6","SF6","SF6","SF6","SF6","SF6","SF6","SF6","SF6","SF6","SF6","SF6","SF6","SF6","SF6","SF6","SF6","SF6"],"Value":[502.73045,516.00872,538.45807,548.80843,557.04282,561.48336,566.90344,580.19615,593.54072,597.31937,655.1063,683.79812,687.00498,695.7153,690.77992,691.34106,692.40977,709.4223,725.02728,699.21367,654.44546,676.6479,443.67442,459.37787,478.85964,487.33891,492.74473,498.19795,503.89381,524.07631,537.66163,541.81657,594.36527,625.0266,626.76182,635.06189,628.56625,633.04019,636.15491,649.00198,663.03407,641.77604,597.96542,617.83302,27.90153,28.26188,28.45051,28.44717,27.5152,27.52296,27.36893,27.20366,27.14387,27.17254,27.78287,27.85862,27.7274,27.53482,27.35825,27.32158,27.38816,27.83822,28.00601,27.24556,27.0461,27.2718,17.638,17.80128,17.60291,20.99868,23.48817,22.04244,21.3038,12.15459,11.61133,11.9836,12.51619,12.31045,12.82965,12.99485,13.09273,13.02092,12.98995,13.82949,14.3251,14.23789,14.26534,14.7883,8.44331,5.85164,8.65261,6.44292,6.59097,6.65118,6.09796,7.36299,6.88107,5.84615,8.08759,7.907,8.69442,8.09474,8.53755,7.93123,7.36592,9.64858,9.30452,6.85488,6.66223,7.93038,2.24973,1.98949,1.97316,2.2669,2.77407,2.79676,2.92512,2.97831,2.7928,2.04714,2.26459,2.07179,2.26788,2.32056,2.4269,1.52149,1.48926,2.12277,3.17978,3.00327,3.4007,3.6396,2.82346,2.72655,2.91923,3.31385,3.92968,4.27208,5.31382,6.4203,7.45001,8.45337,10.08979,8.62367,8.72381,9.70843,10.79824,8.50566,7.02158,6.98127,7.17781,6.09603,5.10567,5.1848]}