{"Year":[2010,2015,2020],"Value":[63.6673688344,63.1596082975,62.606067366]}