Year,성별,Value
2014,여자,0.439308548378684
2015,여자,0.445858072638791
2016,여자,0.451994148040062
2017,여자,0.460467909699123
2018,여자,0.467
2019,여자,0.473
2014,남자,0.560691451621316
2015,남자,0.554141927361209
2016,남자,0.548005851959938
2017,남자,0.539532090300877
2018,남자,0.53305938486843
2019,남자,0.527145374742004
