{"Year":[2000,2001,2002,2003,2004,2005,2006,2007,2008,2009,2010,2011,2012,2013,2014,2015,2016,2017,2018,2019,2020,2021,2005,2006,2007,2008,2009,2010,2011,2012,2013,2014,2015,2016,2017,2018,2019,2020,2021],"\uad6c\ubd84":["merchadise_export","merchadise_export","merchadise_export","merchadise_export","merchadise_export","merchadise_export","merchadise_export","merchadise_export","merchadise_export","merchadise_export","merchadise_export","merchadise_export","merchadise_export","merchadise_export","merchadise_export","merchadise_export","merchadise_export","merchadise_export","merchadise_export","merchadise_export","merchadise_export","merchadise_export","service_export","service_export","service_export","service_export","service_export","service_export","service_export","service_export","service_export","service_export","service_export","service_export","service_export","service_export","service_export","service_export","service_export"],"Value":[2.66973,2.42827,2.49957,2.55353,2.75201,2.70805,2.68362,2.6495,2.61341,2.89496,3.04881,3.02816,2.96079,2.95438,3.01632,3.18199,3.08948,3.23374,3.09402,2.85171,2.90392,2.88604,1.88776,1.87782,1.96544,2.23242,1.98322,2.08537,2.02389,2.24052,2.11226,2.13222,1.94576,1.86244,1.61944,1.69828,1.65071,1.73968,2.02155]}