{"Year":[2000,2001,2002,2003,2004,2005,2006,2007,2008,2009,2010,2011,2012,2013,2014,2015,2016,2017,2018,2019],"Value":[85.84501,77.1697,80.47847,73.91945,67.52928,70.55436,70.53844,96.43731,75.47574,63.986,72.32544,73.87391,55.83159,56.16084,55.87886,56.53621,61.06501,61.88626,66.2604754528,60.2337606222]}