{"Year":[2020,2020,2020,2020],"\uad6c\ubd84":["\ubc95\uc801 \ud504\ub808\uc784\uc6cc\ud06c\uc640 \uacf5\uacf5 \uc0dd\ud65c\uc5d0 \ub300\ud55c \uac1c\uad04","\uc5ec\uc131\uc5d0 \ub300\ud55c \ud3ed\ub825","\uace0\uc6a9\uacfc \uacbd\uc81c\uc801 \ud61c\ud0dd","\uacb0\ud63c\uacfc \uac00\uc871"],"Value":[70.0,90.0,90.90909,91.66666]}