{"Year":[2000,2001,2002,2003,2004,2005,2006,2007,2008,2009,2010,2011,2012,2013,2014,2015,2016,2017,2018,2019,2020,2021,2022],"Value":[0.00456,0.00461,0.00464,0.00473,0.00476,0.00479,0.00482,0.00489,0.00491,0.0049,0.00485,0.00486,0.00485,0.00485,0.00485,0.00488,0.00482,0.0048,0.00478,0.00481,0.00487,0.00498,0.00503]}