{"Year":[2005,2006,2007,2008,2009,2010,2011,2012,2013,2014,2015,2016,2017,2018],"Value":[1.8456975209,1.8425850857,1.8601125021,1.8631125271,1.8440523377,1.824491857,1.83449676,1.8391778604,1.8390085675,1.8394092692,1.8527828283,1.8483119696,1.8279068711,1.8337012563]}