{"data":{"Year":[2005,2006,2007,2008,2009,2010,2011,2012,2013,2014,2015,2016,2017,2018,2019,2005,2006,2007,2008,2009,2010,2011,2012,2013,2014,2015,2016,2017,2018,2019],"\uad6c\ubd84":["\uc0ac\ub9dd \ub610\ub294 \uc2e4\uc885\uc790","\uc0ac\ub9dd \ub610\ub294 \uc2e4\uc885\uc790","\uc0ac\ub9dd \ub610\ub294 \uc2e4\uc885\uc790","\uc0ac\ub9dd \ub610\ub294 \uc2e4\uc885\uc790","\uc0ac\ub9dd \ub610\ub294 \uc2e4\uc885\uc790","\uc0ac\ub9dd \ub610\ub294 \uc2e4\uc885\uc790","\uc0ac\ub9dd \ub610\ub294 \uc2e4\uc885\uc790","\uc0ac\ub9dd \ub610\ub294 \uc2e4\uc885\uc790","\uc0ac\ub9dd \ub610\ub294 \uc2e4\uc885\uc790","\uc0ac\ub9dd \ub610\ub294 \uc2e4\uc885\uc790","\uc0ac\ub9dd \ub610\ub294 \uc2e4\uc885\uc790","\uc0ac\ub9dd \ub610\ub294 \uc2e4\uc885\uc790","\uc0ac\ub9dd \ub610\ub294 \uc2e4\uc885\uc790","\uc0ac\ub9dd \ub610\ub294 \uc2e4\uc885\uc790","\uc0ac\ub9dd \ub610\ub294 \uc2e4\uc885\uc790","\uc9c1\uc811\uc601\ud5a5\uc778\uad6c","\uc9c1\uc811\uc601\ud5a5\uc778\uad6c","\uc9c1\uc811\uc601\ud5a5\uc778\uad6c","\uc9c1\uc811\uc601\ud5a5\uc778\uad6c","\uc9c1\uc811\uc601\ud5a5\uc778\uad6c","\uc9c1\uc811\uc601\ud5a5\uc778\uad6c","\uc9c1\uc811\uc601\ud5a5\uc778\uad6c","\uc9c1\uc811\uc601\ud5a5\uc778\uad6c","\uc9c1\uc811\uc601\ud5a5\uc778\uad6c","\uc9c1\uc811\uc601\ud5a5\uc778\uad6c","\uc9c1\uc811\uc601\ud5a5\uc778\uad6c","\uc9c1\uc811\uc601\ud5a5\uc778\uad6c","\uc9c1\uc811\uc601\ud5a5\uc778\uad6c","\uc9c1\uc811\uc601\ud5a5\uc778\uad6c","\uc9c1\uc811\uc601\ud5a5\uc778\uad6c"],"Value":[0.10999,0.14383,0.04865,0.13748,0.50128,0.20379,0.16673,0.04323,0.03294,0.85014,0.13119,0.05071,0.14002,0.28278,0.21437,31.14532,55.66729,36.94187,11.2946,1528.4374,308.97818,170.62742,52.03314,10.40311,21.83325,1.05543,17.80979,42.9559,25.5629,17.75809]},"edges":[]}