{"data":{"Year":[2006,2007,2008,2009,2010,2011,2012,2013,2014,2015,2016,2017,2018],"Value":[0.00261,0.00403,0.0055,0.00882,0.00968,0.00779,0.00821,0.00765,0.00809,0.00892,0.00902,0.00947,0.00943]},"edges":[]}