{"data":{"Year":[2005,2010,2015,2016,2017,2018,2019,2020,2021,2005,2010,2015,2016,2017,2018,2019,2020,2021,2005,2010,2015,2016,2017,2018,2019,2020,2021,2005,2010,2015,2016,2017,2018,2019,2020,2021,2005,2010,2015,2016,2017,2018,2019,2020,2021,2006,2010,2015,2016,2017,2018,2019,2020,2021,2005,2010,2015,2016,2017,2018,2019,2020,2021],"\uc720\ud615\ubcc4":["\uc804\uccb4 \ud639\uc740 \uac10\uba74\uc5c6\uc74c","\uc804\uccb4 \ud639\uc740 \uac10\uba74\uc5c6\uc74c","\uc804\uccb4 \ud639\uc740 \uac10\uba74\uc5c6\uc74c","\uc804\uccb4 \ud639\uc740 \uac10\uba74\uc5c6\uc74c","\uc804\uccb4 \ud639\uc740 \uac10\uba74\uc5c6\uc74c","\uc804\uccb4 \ud639\uc740 \uac10\uba74\uc5c6\uc74c","\uc804\uccb4 \ud639\uc740 \uac10\uba74\uc5c6\uc74c","\uc804\uccb4 \ud639\uc740 \uac10\uba74\uc5c6\uc74c","\uc804\uccb4 \ud639\uc740 \uac10\uba74\uc5c6\uc74c","\uc12c\uc720","\uc12c\uc720","\uc12c\uc720","\uc12c\uc720","\uc12c\uc720","\uc12c\uc720","\uc12c\uc720","\uc12c\uc720","\uc12c\uc720","\uae30\ub984","\uae30\ub984","\uae30\ub984","\uae30\ub984","\uae30\ub984","\uae30\ub984","\uae30\ub984","\uae30\ub984","\uae30\ub984","\uacf5\uc0b0\ud488","\uacf5\uc0b0\ud488","\uacf5\uc0b0\ud488","\uacf5\uc0b0\ud488","\uacf5\uc0b0\ud488","\uacf5\uc0b0\ud488","\uacf5\uc0b0\ud488","\uacf5\uc0b0\ud488","\uacf5\uc0b0\ud488","\uc758\ub958","\uc758\ub958","\uc758\ub958","\uc758\ub958","\uc758\ub958","\uc758\ub958","\uc758\ub958","\uc758\ub958","\uc758\ub958","\ubb34\uae30","\ubb34\uae30","\ubb34\uae30","\ubb34\uae30","\ubb34\uae30","\ubb34\uae30","\ubb34\uae30","\ubb34\uae30","\ubb34\uae30","\ub18d\uc0b0\ud488","\ub18d\uc0b0\ud488","\ub18d\uc0b0\ud488","\ub18d\uc0b0\ud488","\ub18d\uc0b0\ud488","\ub18d\uc0b0\ud488","\ub18d\uc0b0\ud488","\ub18d\uc0b0\ud488","\ub18d\uc0b0\ud488"],"Value":[28.8659,33.81901,43.80521,45.5516,49.92384,51.03072,53.17982,55.862,58.3167,17.08353,25.0712,35.91208,41.3593,46.1589,48.35255,53.9395,56.7027,58.867,25.0,75.0,75.0,77.7778,85.71429,85.71429,80.0,88.8889,87.5,30.98533,35.40417,44.93076,46.4306,50.43849,51.36265,53.27289,55.9534,58.4302,10.97898,17.72596,34.99225,34.3762,43.89173,47.25151,47.82439,53.3914,57.6097,47.0,47.76119,53.93258,61.039,66.43357,66.43357,67.78523,70.6767,62.8571,30.98314,32.38063,42.64644,44.8414,50.94756,51.92232,53.87424,54.5985,56.1787]},"edges":[]}