{"data":{"Year":[2010,2011,2012,2013,2014,2015,2016,2017,2018,2019,2015,2016,2017,2018,2019],"data.Category":["PM10","PM10","PM10","PM10","PM10","PM10","PM10","PM10","PM10","PM10","PM2.5","PM2.5","PM2.5","PM2.5","PM2.5"],"Value":[51.4166666667,50.5,44.6666666667,48.5,48.5833333333,47.5,46.75,45.4166666667,41.5,41.25,25.5833333333,26.0833333333,25.0,23.3333333333,23.4166666667]},"edges":[]}