{"data":{"Year":[2015,2015,2015,2015,2020,2020,2020,2020],"\uad6c\ubd84":["\ubc14\uc824 \ud611","\ubaac\ud2b8\ub9ac\uc62c \uc758\uc815\uc11c","\ub85c\ud2b8\ub974\ub2f4 \ud611\uc815","\uc2a4\ud1a1\ud640\ub984 \ud611\uc815","\ubc14\uc824 \ud611","\ubaac\ud2b8\ub9ac\uc62c \uc758\uc815\uc11c","\ub85c\ud2b8\ub974\ub2f4 \ud611\uc815","\uc2a4\ud1a1\ud640\ub984 \ud611\uc815"],"Value":[16.66667,100.0,72.54902,33.33333,20.0,100.0,67.24,50.0]},"edges":[]}