{"data":{"Year":[2000,2001,2002,2003,2004,2005,2006,2007,2008,2009,2010,2011,2012,2013,2014,2015,2016,2017],"Value":[21.1981304645,20.6148075287,20.4011700938,20.7440030119,20.0049532375,20.4983858944,21.3325623624,28.6246299812,27.9713221153,26.7635289635,26.1515295352,26.7489064113,34.8270137876,33.8897193198,33.9768786217,34.1761072317,34.5984331768,35.0438612339]},"edges":[]}