{"data":{"Year":[2015,2015,2016,2016,2017,2017,2018,2018,2019,2020],"Units":["\uc720\uc785\ud558\uc218\ub7c9","\ud3d0\uc218\ubc1c\uc0dd\ub7c9","\uc720\uc785\ud558\uc218\ub7c9","\ud3d0\uc218\ubc1c\uc0dd\ub7c9","\uc720\uc785\ud558\uc218\ub7c9","\ud3d0\uc218\ubc1c\uc0dd\ub7c9","\uc720\uc785\ud558\uc218\ub7c9","\ud3d0\uc218\ubc1c\uc0dd\ub7c9","\uc720\uc785\ud558\uc218\ub7c9","\uc720\uc785\ud558\uc218\ub7c9"],"Value":[19836099.6999999993,4950635.0,20405884.6999999993,4621383.0,20304381.6999999993,4921364.0,20906964.3999999985,4277551.0,20493901.6999999993,21240609.1999999993]},"edges":[]}