{"data":{"Year":[2005,2006,2007,2008,2009,2010,2011,2012,2013,2014,2015,2016,2017,2018,2019,2020],"Value":[0.000062,0.000106,0.00006,0.00002,0.000062,0.000322,0.00028,0.000091,0.000017,0.000032,0.000007,0.00004,0.000051,0.000015,0.000026,0.00004]},"edges":[]}