{"data":{"Year":[2005,2010,2015,2016,2017,2018,2005,2010,2015,2016,2017,2018,2005,2010,2015,2016,2017,2018,2005,2010,2015,2016,2017,2018,2005,2010,2015,2016,2017,2018,2005,2010,2015,2016,2017,2018,2005,2010,2015,2016,2017,2018],"data.Type_of_product":["data.Total_or_no_breakdown","data.Total_or_no_breakdown","data.Total_or_no_breakdown","data.Total_or_no_breakdown","data.Total_or_no_breakdown","data.Total_or_no_breakdown","data.Textiles","data.Textiles","data.Textiles","data.Textiles","data.Textiles","data.Textiles","data.Oil","data.Oil","data.Oil","data.Oil","data.Oil","data.Oil","data.Industrial_products","data.Industrial_products","data.Industrial_products","data.Industrial_products","data.Industrial_products","data.Industrial_products","data.Clothing","data.Clothing","data.Clothing","data.Clothing","data.Clothing","data.Clothing","data.Arms","data.Arms","data.Arms","data.Arms","data.Arms","data.Arms","data.Agricultural_products","data.Agricultural_products","data.Agricultural_products","data.Agricultural_products","data.Agricultural_products","data.Agricultural_products"],"Value":[28.8659,33.81901,43.80521,43.57564,49.92384,51.03072,17.08353,25.0712,35.91208,38.53138,46.1589,48.35255,25.0,75.0,75.0,77.77778,85.71429,85.71429,30.98533,35.40417,44.93076,44.65119,50.43849,51.36265,10.97898,17.72596,34.99225,30.63891,43.89173,47.25151,47.0,47.76119,53.93258,56.83453,66.43357,66.43357,30.98314,32.38063,42.64644,41.74925,50.94756,51.92232]},"edges":[]}