{"data":{"Year":[2000,2010,2015,2018],"Value":[99.89726,99.88393,99.86006,99.85783]},"edges":[]}