{"data":{"Year":[2014,2015,2016,2017,2018,2019,2014,2015,2016,2017,2018,2019],"data.Sex":["data.Female","data.Female","data.Female","data.Female","data.Female","data.Female","data.Male","data.Male","data.Male","data.Male","data.Male","data.Male"],"Value":[0.4393085484,0.4458580726,0.451994148,0.4604679097,0.467,0.473,0.5606914516,0.5541419274,0.548005852,0.5395320903,0.5330593849,0.5271453747]},"edges":[]}