{"data":{"Year":[2000,2001,2002,2003,2004,2005,2006,2007,2008,2009,2010,2011,2012,2013,2014,2015,2016,2017,2018,2019,2020],"Value":[1.0434610577,0.7957884037,0.5776534013,0.3208552685,0.2990596287,0.3368729678,0.2843290131,0.5577000377,0.6193749282,0.9102487484,1.3131565263,1.5804763123,1.6942983454,1.5645102925,1.4282011375,1.4660938132,1.8116731875,1.9558583462,2.0779370849,1.7764818291,1.8578651739]},"edges":[]}