{"data":{"Year":[2010,2011,2012,2013,2014,2015,2016,2017,2018,2019],"Value":[33.648505,42.201802,55.195179,62.884843,66.68824,69.909662,72.256229,74.750444,72.084654,72.150774]},"edges":[]}