{"data":{"Year":[1999,1999,1999,2004,2004,2004,2009,2009,2009,2014,2014,2014,2019,2019,2019],"data.Sex":[null,"data.Male","data.Female",null,"data.Male","data.Female",null,"data.Male","data.Female",null,"data.Male","data.Female",null,"data.Male","data.Female"],"Value":[8.125,2.0138888889,14.0972222222,7.9166666667,2.2916666667,13.4027777778,7.9166666667,2.6388888889,13.0555555556,7.9861111111,2.9166666667,12.8472222222,8.0555555556,3.6111111111,12.3611111111]},"edges":[]}