{"data":{"Year":[2004,2005,2006,2007,2008,2009,2010,2011,2012,2013,2014,2015,2016,2017,2004,2005,2006,2007,2008,2009,2010,2011,2012,2013,2014,2015,2016,2017],"data.Banking_service":["data.ATMs","data.ATMs","data.ATMs","data.ATMs","data.ATMs","data.ATMs","data.ATMs","data.ATMs","data.ATMs","data.ATMs","data.ATMs","data.ATMs","data.ATMs","data.ATMs","data.Commercial_bank_branches","data.Commercial_bank_branches","data.Commercial_bank_branches","data.Commercial_bank_branches","data.Commercial_bank_branches","data.Commercial_bank_branches","data.Commercial_bank_branches","data.Commercial_bank_branches","data.Commercial_bank_branches","data.Commercial_bank_branches","data.Commercial_bank_branches","data.Commercial_bank_branches","data.Commercial_bank_branches","data.Commercial_bank_branches"],"Value":[208.15800994,212.1357544061,218.2365501896,234.2194086195,241.7959902027,247.0906421948,265.3751502161,281.2313999259,288.445031623,288.5854529991,280.808057799,275.8808217767,271.3959117632,272.0404256748,16.7975690778,17.3319707747,17.8238438996,18.3071375421,18.6966961896,18.1921552973,18.1791478776,18.2208197712,18.3123684525,18.0209113652,17.1967351508,16.7514660375,16.2288014665,15.4054433925]},"edges":[]}