{"data":{"Year":[2000,2001,2002,2003,2004,2005,2006,2007,2008,2009,2010,2011,2012,2013,2014,2015,2016,2017,2000,2001,2002,2003,2004,2005,2006,2007,2008,2009,2010,2011,2012,2013,2014,2015,2016,2017,2000,2001,2002,2003,2004,2005,2006,2007,2008,2009,2010,2011,2012,2013,2014,2015,2016,2017],"Units":["data.Tonnes_per_capita","data.Tonnes_per_capita","data.Tonnes_per_capita","data.Tonnes_per_capita","data.Tonnes_per_capita","data.Tonnes_per_capita","data.Tonnes_per_capita","data.Tonnes_per_capita","data.Tonnes_per_capita","data.Tonnes_per_capita","data.Tonnes_per_capita","data.Tonnes_per_capita","data.Tonnes_per_capita","data.Tonnes_per_capita","data.Tonnes_per_capita","data.Tonnes_per_capita","data.Tonnes_per_capita","data.Tonnes_per_capita","data.Kilograms_per_constant_2010_USD","data.Kilograms_per_constant_2010_USD","data.Kilograms_per_constant_2010_USD","data.Kilograms_per_constant_2010_USD","data.Kilograms_per_constant_2010_USD","data.Kilograms_per_constant_2010_USD","data.Kilograms_per_constant_2010_USD","data.Kilograms_per_constant_2010_USD","data.Kilograms_per_constant_2010_USD","data.Kilograms_per_constant_2010_USD","data.Kilograms_per_constant_2010_USD","data.Kilograms_per_constant_2010_USD","data.Kilograms_per_constant_2010_USD","data.Kilograms_per_constant_2010_USD","data.Kilograms_per_constant_2010_USD","data.Kilograms_per_constant_2010_USD","data.Kilograms_per_constant_2010_USD","data.Kilograms_per_constant_2010_USD","data.Tonnes","data.Tonnes","data.Tonnes","data.Tonnes","data.Tonnes","data.Tonnes","data.Tonnes","data.Tonnes","data.Tonnes","data.Tonnes","data.Tonnes","data.Tonnes","data.Tonnes","data.Tonnes","data.Tonnes","data.Tonnes","data.Tonnes","data.Tonnes"],"Value":[15.7955,16.26135,16.46484,17.28639,16.99455,15.4661,15.52364,16.23488,16.27868,15.9601,15.9241,15.86373,15.71003,15.64822,15.75547,15.81035,15.83407,15.86009,1.05416,1.04542,0.9913,1.01659,0.95734,0.84198,0.80662,0.8026,0.78512,0.76683,0.72095,0.6954,0.67604,0.65727,0.64314,0.63045,0.61583,0.60075,748490484.0916999578,775874187.478399992,790391219.932199955,834328293.0297000408,824202919.206099987,753330701.8279000521,759041505.6928999424,796522460.2973999977,801220040.908100009,788097114.013299942,789084534.3696000576,789136054.5326000452,784751029.7886999846,785059447.8147000074,793848162.8975000381,799903310.2075999975,804242813.9996999502,808582317.7917000055]},"edges":[]}