{"data":{"Year":[2005,2005,2005,2005,2005,2005,2005,2010,2010,2010,2010,2010,2010,2010,2015,2015,2015,2015,2015,2015,2015,2016,2016,2016,2016,2016,2016,2016,2017,2017,2017,2017,2017,2017,2017],"Type of product":["AGR","ALP","ARM","CLO","IND","OIL","TEX","AGR","ALP","ARM","CLO","IND","OIL","TEX","AGR","ALP","ARM","CLO","IND","OIL","TEX","AGR","ALP","ARM","CLO","IND","OIL","TEX","AGR","ALP","ARM","CLO","IND","OIL","TEX"],"Value":[29.96661,28.86157,47.0,10.54887,31.09718,25.0,16.66156,31.592,33.68056,46.42857,17.22133,35.35774,75.0,24.54265,41.41428,43.5218,53.59116,33.80097,44.78626,75.0,35.12445,40.44961,43.27501,56.33803,29.54143,44.50411,77.77778,37.5956,49.47487,49.44809,65.98639,42.65908,50.0955,85.71429,45.20096]},"edges":[]}