{"data":{"Year":[2005,2010,2015,2016,2017,2018,2005,2010,2015,2016,2017,2018,2005,2010,2015,2016,2017,2018,2005,2010,2015,2016,2017,2018,2005,2010,2015,2016,2017,2018,2005,2010,2015,2016,2017,2018,2005,2010,2015,2016,2017,2018],"\uc720\ud615":["\ub18d\uc0b0\ud488","\ub18d\uc0b0\ud488","\ub18d\uc0b0\ud488","\ub18d\uc0b0\ud488","\ub18d\uc0b0\ud488","\ub18d\uc0b0\ud488","\uc804\uccb4 \ud639\uc740 \uac10\uba74\uc5c6\uc74c","\uc804\uccb4 \ud639\uc740 \uac10\uba74\uc5c6\uc74c","\uc804\uccb4 \ud639\uc740 \uac10\uba74\uc5c6\uc74c","\uc804\uccb4 \ud639\uc740 \uac10\uba74\uc5c6\uc74c","\uc804\uccb4 \ud639\uc740 \uac10\uba74\uc5c6\uc74c","\uc804\uccb4 \ud639\uc740 \uac10\uba74\uc5c6\uc74c","\ubb34\uae30","\ubb34\uae30","\ubb34\uae30","\ubb34\uae30","\ubb34\uae30","\ubb34\uae30","\uc758\ub958","\uc758\ub958","\uc758\ub958","\uc758\ub958","\uc758\ub958","\uc758\ub958","\uacf5\uc0b0\ud488","\uacf5\uc0b0\ud488","\uacf5\uc0b0\ud488","\uacf5\uc0b0\ud488","\uacf5\uc0b0\ud488","\uacf5\uc0b0\ud488","\uae30\ub984","\uae30\ub984","\uae30\ub984","\uae30\ub984","\uae30\ub984","\uae30\ub984","\uc12c\uc720","\uc12c\uc720","\uc12c\uc720","\uc12c\uc720","\uc12c\uc720","\uc12c\uc720"],"Value":[30.98314,32.38063,42.64644,41.74925,50.94756,51.92232,28.8659,33.81901,43.80521,43.57564,49.92384,51.03072,47.0,47.76119,53.93258,56.83453,66.43357,66.43357,10.97898,17.72596,34.99225,30.63891,43.89173,47.25151,30.98533,35.40417,44.93076,44.65119,50.43849,51.36265,25.0,75.0,75.0,77.77778,85.71429,85.71429,17.08353,25.0712,35.91208,38.53138,46.1589,48.35255]},"edges":[]}