{"data":{"Year":[2000,2001,2002,2003,2004,2005,2006,2007,2008,2009,2010,2011,2012,2013,2014,2015,2016,2017],"Value":[-67.68,-162.78,1487.23,2026.07,2996.96,4510.03,6333.78,11322.69,10305.66,6051.52,11511.76,10998.81,11970.51,14261.45493,10800.6278,11469.54665,11107.7789,9599.08593]},"edges":[]}