{"data":{"Year":[2015,2016,2017],"Value":[0.00001,0.00004,0.00011]},"edges":[]}