{"data":{"Year":[2000,2001,2002,2003,2004,2005,2006,2007,2008,2009,2010,2011,2012,2013,2014,2015,2016,2017,2018],"Value":[39.8565922375,42.4404315128,43.6057396764,44.155496166,48.340468517,55.4482146599,55.7938203813,57.9986751482,59.2057044304,60.3973311663,59.3852943764,57.6085018453,57.6983109293,56.9185081408,57.9690333182,58.471316158,58.5253506906,59.4617953338,59.4122264932]},"edges":[]}