{"data":{"Year":[2013,2015,2017],"Value":[0.01382,0.00854,0.01492]},"edges":[]}