{"data":{"Year":[2008,2009,2010,2011,2012,2013,2014,2015,2016,2017,2018,2019,2020,2021,2000,2001,2002,2003,2004,2005,2006,2007,2008,2009,2010,2011,2012,2013,2014,2015,2016,2017,2018,2019,2020,2021],"Units":["\uc0dd\uc0b0\uae08\uc561","\uc0dd\uc0b0\uae08\uc561","\uc0dd\uc0b0\uae08\uc561","\uc0dd\uc0b0\uae08\uc561","\uc0dd\uc0b0\uae08\uc561","\uc0dd\uc0b0\uae08\uc561","\uc0dd\uc0b0\uae08\uc561","\uc0dd\uc0b0\uae08\uc561","\uc0dd\uc0b0\uae08\uc561","\uc0dd\uc0b0\uae08\uc561","\uc0dd\uc0b0\uae08\uc561","\uc0dd\uc0b0\uae08\uc561","\uc0dd\uc0b0\uae08\uc561","\uc0dd\uc0b0\uae08\uc561","\uc0dd\uc0b0\ub7c9","\uc0dd\uc0b0\ub7c9","\uc0dd\uc0b0\ub7c9","\uc0dd\uc0b0\ub7c9","\uc0dd\uc0b0\ub7c9","\uc0dd\uc0b0\ub7c9","\uc0dd\uc0b0\ub7c9","\uc0dd\uc0b0\ub7c9","\uc0dd\uc0b0\ub7c9","\uc0dd\uc0b0\ub7c9","\uc0dd\uc0b0\ub7c9","\uc0dd\uc0b0\ub7c9","\uc0dd\uc0b0\ub7c9","\uc0dd\uc0b0\ub7c9","\uc0dd\uc0b0\ub7c9","\uc0dd\uc0b0\ub7c9","\uc0dd\uc0b0\ub7c9","\uc0dd\uc0b0\ub7c9","\uc0dd\uc0b0\ub7c9","\uc0dd\uc0b0\ub7c9","\uc0dd\uc0b0\ub7c9","\uc0dd\uc0b0\ub7c9"],"Value":[528754841.75,577020708.5,618807131.0,672738370.8333330154,640754229.9166669846,602240579.25,612665987.6666669846,604788719.0,623062255.0833330154,713905906.3333330154,717368195.75,697194013.75,729850285.6666669846,810994533.0,209518.75,222093.666666667,206349.0,207253.5,209925.083333333,226170.833333333,252676.333333333,272901.916666667,280104.583333333,265195.166666667,259219.5,271327.416666667,265285.166666667,261270.833333333,275352.25,278115.166666667,272452.75,310392.666666667,314171.5,321747.416666667,309376.583333333,400075.0]},"edges":[]}