{"data":{"Year":[2009,2010,2011,2012,2013],"Value":[0.62395,0.40213,0.41104,0.44474,0.31742]},"edges":[]}