{"data":{"Year":[1980,1981,1982,1983,1984,1985,1986,1987,1988,1989,1990,1991,1992,1993,1994,1995,1996,1997,1998,1999,2000,2001,2002,2003,2004,2005,2006,2007,2008,2009,2010,2015],"Value":[67.01289,66.91545,66.7699,66.64292,66.53575,66.40637,66.30823,65.98037,65.77894,65.70016,65.59303,65.34984,65.28633,65.13147,65.07933,64.98399,64.92604,64.8164,64.74328,64.66601,64.56802,64.4578,64.38721,64.31662,64.24606,64.16715,64.09639,63.9992,63.85984,63.76568,63.66893,63.16342]},"edges":[]}