{"data":{"Year":[2000,2001,2002,2003,2004,2005,2006,2007,2008,2009,2010,2011,2012,2013,2014,2015,2016,2017,2018,2000,2001,2002,2003,2004,2005,2006,2007,2008,2009,2010,2011,2012,2013,2014,2015,2016,2017,2018],"Units":["Freshwater","Freshwater","Freshwater","Freshwater","Freshwater","Freshwater","Freshwater","Freshwater","Freshwater","Freshwater","Freshwater","Freshwater","Freshwater","Freshwater","Freshwater","Freshwater","Freshwater","Freshwater","Freshwater","Terrestrial","Terrestrial","Terrestrial","Terrestrial","Terrestrial","Terrestrial","Terrestrial","Terrestrial","Terrestrial","Terrestrial","Terrestrial","Terrestrial","Terrestrial","Terrestrial","Terrestrial","Terrestrial","Terrestrial","Terrestrial","Terrestrial"],"Value":[29.69936,29.69936,29.69936,29.69936,29.71424,29.71424,29.7197,29.72007,36.77456,36.77456,36.77456,36.77456,36.77456,36.78185,36.78185,36.78185,36.78185,36.78185,36.78185,22.06639,22.06639,22.06892,23.96844,23.97495,23.97501,27.84584,27.846,31.58825,32.09984,32.1026,32.23177,32.23177,32.24285,32.24285,32.30321,32.30321,32.45863,32.45863]},"edges":[]}