{"data":{"Year":[2007,2008,2009,2010,2011,2012,2013,2014,2015,2016,2017],"Value":[12.54725,28.08696,54.50192,3.84057,13.71734,6.14711,54.07013,22.5706,35.11082,26.4335,26.01472]},"edges":[]}