{"data":{"Year":[2000,2001,2002,2003,2004,2005,2006,2012,2013,2014,2015,2016,2017],"Value":[16.67661,15.68193,15.41898,15.59026,14.74125,14.92014,15.41389,23.86093,23.29036,22.80728,22.60348,23.5854,23.84284]},"edges":[]}