{"data":{"Year":[2011,2012,2013,2014,2015,2016,2017,2018,2019],"Value":[75.0,88.88889,81.81818,82.6087,84.61538,84.61538,85.18519,86.2069,86.2069]},"edges":[]}