{"data":{"Year":[2005,2005,2005,2013,2013,2013,2014,2014,2014,2015,2015,2015,2016,2016,2016],"Sex":[null,"FEMALE","MALE",null,"FEMALE","MALE",null,"FEMALE","MALE",null,"FEMALE","MALE",null,"FEMALE","MALE"],"Value":[49.59284,49.5831,49.60182,97.84308,98.28248,97.4323,93.51384,93.39661,93.62426,90.81364,90.6319,90.98515,96.36279,96.11757,96.59407]},"edges":[]}