{"data":{"Year":[2012,2012,2012],"Sex":[null,"FEMALE","MALE"],"Value":[49.71577,45.39873,53.95168]},"edges":[]}