{"data":{"Year":[2012,2012,2012,2012,2012,2012],"\uc131\ubcc4":[null,null,"\uc5ec","\uc5ec","\ub0a8","\ub0a8"],"\uae30\ub2a5":["\uc218\ub9ac\ub825","\ubb38\ud574\ub825","\uc218\ub9ac\ub825","\ubb38\ud574\ub825","\uc218\ub9ac\ub825","\ubb38\ud574\ub825"],"Value":[87.10099,81.04022,85.61688,78.38933,88.60029,83.71823]},"edges":{"From":["\uae30\ub2a5"],"To":["\uc131\ubcc4"]}}