{"data":{"Year":[2009,2010,2011,2012,2013,2014,2015,2016,2017],"Value":[2.6731183268,2.4554415277,2.3559357437,2.8233351679,3.1509553959,2.8990474223,3.4975017844,3.1827096293,3.7138950754]},"edges":[]}