{"data":{"Year":[2004,2005,2006,2007,2008,2009,2010,2011,2012,2013,2014,2015,2016,2004,2005,2006,2007,2008,2009,2010,2011,2012,2013,2014,2015,2016,2017],"Banking service":["ATMs","ATMs","ATMs","ATMs","ATMs","ATMs","ATMs","ATMs","ATMs","ATMs","ATMs","ATMs","ATMs","Commercial bank branches","Commercial bank branches","Commercial bank branches","Commercial bank branches","Commercial bank branches","Commercial bank branches","Commercial bank branches","Commercial bank branches","Commercial bank branches","Commercial bank branches","Commercial bank branches","Commercial bank branches","Commercial bank branches","Commercial bank branches"],"Value":[208.16443,212.14239,218.24452,234.23756,241.82812,247.12209,265.37542,281.26772,288.47585,288.63191,280.96637,276.27459,271.87542,16.8,17.33,17.82,18.31,18.7,18.19,18.18,18.22,18.31,18.02,17.21,16.78,16.26,15.45]},"edges":[]}