Year,Value
2013,0.01382
2015,0.00854
2017,0.01492
2018,0.00458
2019,0.00342
