Year,Value
2005,6.2e-05
2006,0.000106
2007,6e-05
2008,2e-05
2009,6.2e-05
2010,0.000322
2011,0.00028
2012,9.1e-05
2013,1.7e-05
2014,3.2e-05
2015,7e-06
2016,4e-05
2017,5.1e-05
2018,1.5e-05
2019,2.6e-05
