Year,Value
2000,20.79397
2001,20.79397
2002,20.79604
2003,20.83283
2004,20.83283
2005,20.8329
2006,25.80287
2007,25.80375
2008,31.9935
2009,32.64781
2010,32.64781
2011,32.81544
2012,36.81544
2013,36.82553
2014,36.82553
2015,36.8271
2016,36.8271
2017,37.02608
2018,38.55053
2019,38.68079
2020,38.68079
