Year,Value
2000,502.73045
2001,516.00872
2002,538.45807
2003,548.80843
2004,557.04282
2005,561.48336
2006,566.90344
2007,580.19615
2008,593.54072
2009,597.31937
2010,655.1063
2011,683.79812
2012,687.00498
2013,695.7153
2014,690.77992
2015,691.34106
2016,692.40977
2017,709.4223
2018,725.02728
2019,699.21367
2020,654.44546
2021,676.6479
