Year,Value
2000,20.80521
2001,20.80521
2002,22.24759
2003,22.2833
2004,22.2833
2005,22.28763
2006,27.26278
2007,27.26366
2008,32.00366
2009,32.65369
2010,32.65369
2011,32.82559
2012,36.82559
2013,36.82559
2014,36.82559
2015,36.82716
2016,36.82716
2017,37.02614
2018,38.54986
2019,38.54986
