Year,Value
2000,99.89726
2010,99.88393
2015,99.86006
2018,99.85783
