Year,Value
2000,21.1981304644556
2001,20.6148075286617
2002,20.4011700938225
2003,20.7440030119048
2004,20.0049532374975
2005,20.4983858943704
2006,21.3325623624172
2007,28.6246299811993
2008,27.9713221152671
2009,26.7635289634646
2010,26.151529535183
2011,26.7489064112937
2012,34.827013787585
2013,33.8897193197949
2014,33.9768786217398
2015,34.1761072317099
2016,34.5984331767844
2017,35.043861233911
