Year,Value
2005,49.59284
2013,97.84308
2014,93.51384
2015,90.81364
2016,96.36279
