Year,Value
2012,1.42196104946032
2013,1.41942804427964
2014,1.41094688515611
2015,1.40131008802132
2016,1.40127516774984
2017,1.39364899511732
2018,1.38231479024375
2019,1.365
2020,1.126
2021,1.131
