Year,Value
2000,127.008562471215
2001,128.782014970334
2002,121.286690243006
2003,117.67576221523
2004,110.12485524988
2005,96.7012514334148
2006,95.0150327394728
2007,95.6765698548572
2008,88.5008281162013
2009,79.9874140157079
2010,82.947978592942
2011,78.9190738206586
2012,76.6685840357778
2013,71.2423864301033
2014,69.385205677171
2015,64.6171220169443
2016,63.9850678270946
2017,58.782508308861
2018,56.8681925883802
2019,55.1411976424404
2020,48.8031301949524
