{"data":{"Year":[2013,2015,2017,2018,2019],"Value":[0.01382,0.00854,0.01492,0.00458,0.00342]},"edges":[]}