{"data":{"Year":[2000,2001,2002,2003,2004,2005,2006,2007,2008,2009,2010,2011,2012,2013,2014,2015,2016,2017,2018,2019,2020,2021,2000,2001,2002,2003,2004,2005,2006,2007,2008,2009,2010,2011,2012,2013,2014,2015,2016,2017,2018,2019,2020,2021],"Category":["Freshwater","Freshwater","Freshwater","Freshwater","Freshwater","Freshwater","Freshwater","Freshwater","Freshwater","Freshwater","Freshwater","Freshwater","Freshwater","Freshwater","Freshwater","Freshwater","Freshwater","Freshwater","Freshwater","Freshwater","Freshwater","Freshwater","Land","Land","Land","Land","Land","Land","Land","Land","Land","Land","Land","Land","Land","Land","Land","Land","Land","Land","Land","Land","Land","Land"],"Value":[29.7046,29.7046,29.7046,29.7046,29.71949,29.71949,29.72495,29.72495,36.77976,36.77976,36.77976,36.77976,36.77976,36.78704,36.78704,36.78704,36.78704,36.78704,36.7956,36.82723,36.82723,36.82723,23.85359,23.85359,23.85488,23.92241,23.92762,23.92766,27.0358,27.03648,33.37413,33.78307,33.78307,33.88784,33.88784,36.3967,36.3967,36.39768,36.39768,36.52204,37.47782,37.5703,37.5703,37.5703]},"edges":[]}