{"data":{"Year":[2000,2001,2002,2003,2004,2005,2006,2007,2008,2009,2010,2011,2012,2013,2014,2015,2016,2017,2018],"Value":[0.805419,0.8472343,0.8431249,0.8633389,0.7759642,0.5790207,0.4792955,0.4591606,0.696265,0.665181,0.534829,0.5490561,0.5388502,0.4959693,0.465765,0.4674623,0.4610956,0.4263528,0.4399775]},"edges":[]}