{"data":{"Year":[2000,2000,2000,2001,2001,2001,2002,2002,2002,2003,2003,2003,2004,2004,2004,2005,2005,2005,2006,2006,2006,2007,2007,2007,2008,2008,2008,2009,2009,2009,2010,2010,2010,2011,2011,2011,2012,2012,2012,2013,2013,2013,2014,2014,2014,2015,2015,2015,2016,2016,2016,2017,2017,2017,2018,2018,2018,2019,2019,2019],"data.Sex":[null,"data.Male","data.Female",null,"data.Male","data.Female",null,"data.Male","data.Female",null,"data.Male","data.Female",null,"data.Male","data.Female",null,"data.Male","data.Female",null,"data.Male","data.Female",null,"data.Male","data.Female",null,"data.Male","data.Female",null,"data.Male","data.Female",null,"data.Male","data.Female",null,"data.Male","data.Female",null,"data.Male","data.Female",null,"data.Male","data.Female",null,"data.Male","data.Female",null,"data.Male","data.Female",null,"data.Male","data.Female",null,"data.Male","data.Female",null,"data.Male","data.Female",null,"data.Male","data.Female"],"Value":[1.2693179401,1.3173266163,1.216416468,1.286718985,1.3555177546,1.2113297057,1.2126495564,1.2912739703,1.1265864327,1.1758069826,1.2826851592,1.0588257754,1.1026291588,1.1637238313,1.0359449712,0.9659585539,1.0186300071,0.9086958565,0.9515096683,1.0148326053,0.8829440831,0.9563265318,1.0181408897,0.8897295877,0.8836638135,0.9310998691,0.83284803,0.7993880728,0.8158556744,0.7818114872,0.8302647729,0.9358822879,0.7177964644,0.7884291112,0.8650976318,0.7069702092,0.7666669391,0.8384328244,0.6905615134,0.7127616137,0.7488137822,0.6745774312,0.6938750725,0.7352969206,0.6500902605,0.6478142628,0.7032622224,0.5893410374,0.6407383884,0.6989168969,0.57950384,0.5889409408,0.6449423719,0.5300189101,0.5680672659,0.6207784658,0.51258648,0.5525925363,0.5994622201,0.5032412284]},"edges":[]}