{"data":{"Year":[2015,2015,2015,2015,2015,2015,2015,2015,2015,2015,2015,2015,2015,2015,2015,2015,2015,2015,2016,2016,2016,2016,2016,2016,2016,2016,2016,2016,2016,2016,2016,2016,2016,2016,2016,2016,2017,2017,2017,2017,2017,2017,2017,2017,2017,2017,2017,2017,2017,2017,2017,2017,2017,2017,2017,2017,2017,2017,2017,2017,2017,2017,2017,2018,2018,2018,2018,2018,2018,2018,2018,2018,2018,2018,2018,2018,2018,2018,2018,2018,2018,2018,2018,2018,2018,2018,2018,2018,2018,2018],"Skill":["ARSP","ARSP","ARSP","EMAIL","EMAIL","EMAIL","INST","INST","INST","PCPR","PCPR","PCPR","SOFT","SOFT","SOFT","TRAF","TRAF","TRAF","ARSP","ARSP","ARSP","EMAIL","EMAIL","EMAIL","INST","INST","INST","PCPR","PCPR","PCPR","SOFT","SOFT","SOFT","TRAF","TRAF","TRAF","ARSP","ARSP","ARSP","CMFL","CMFL","CMFL","COPA","COPA","COPA","EMAIL","EMAIL","EMAIL","EPRS","EPRS","EPRS","INST","INST","INST","PCPR","PCPR","PCPR","SOFT","SOFT","SOFT","TRAF","TRAF","TRAF","ARSP","ARSP","ARSP","CMFL","CMFL","CMFL","COPA","COPA","COPA","EMAIL","EMAIL","EMAIL","EPRS","EPRS","EPRS","INST","INST","INST","PCPR","PCPR","PCPR","SOFT","SOFT","SOFT","TRAF","TRAF","TRAF"],"Sex":[null,"Male","Female",null,"Female","Male",null,"Female","Male",null,"Female","Male",null,"Female","Male",null,"Female","Male",null,"Female","Male",null,"Female","Male",null,"Female","Male",null,"Female","Male",null,"Female","Male",null,"Female","Male",null,"Female","Male",null,"Female","Male",null,"Female","Male",null,"Female","Male",null,"Female","Male",null,"Female","Male",null,"Female","Male",null,"Female","Male",null,"Female","Male",null,"Female","Male",null,"Female","Male",null,"Female","Male",null,"Female","Male",null,"Female","Male",null,"Female","Male",null,"Female","Male",null,"Female","Male",null,"Female","Male"],"Value":[55.67186,49.3953,61.84353,60.809,55.0189,66.50234,38.89033,31.2614,46.39177,4.79118,2.95221,6.59941,48.73657,41.27835,56.07015,47.78333,41.50175,53.95992,60.60621,54.99273,66.12964,64.58916,58.65253,70.43056,43.6091,35.70192,51.38943,4.36763,2.64651,6.06115,56.18882,49.32573,62.94182,51.39956,44.7866,57.90644,43.57606,35.47301,51.65622,74.78145,76.44805,84.12011,61.82875,55.6934,68.63182,57.4379,51.36743,63.83655,35.85351,29.20505,42.48057,53.50068,46.99777,60.85703,4.8959,3.05081,6.70973,51.00982,43.93124,58.17534,48.41656,42.84918,54.91568,44.83662,37.7545,51.67115,95.24477,93.89957,96.54293,80.96574,76.32413,85.44507,72.65882,65.9909,79.09363,38.48518,32.13267,44.61561,55.87159,48.37336,63.10768,6.06278,4.213,7.8479,64.99141,59.02282,70.75134,58.32352,52.06411,64.36409]},"edges":{"From":["Skill"],"To":["Sex"]}}