{"data":{"Year":[2015,2015,2016,2016,2017,2017,2018,2018,2019,2020],"Units":["Sewage generation","Wastewater generation","Sewage generation","Wastewater generation","Sewage generation","Wastewater generation","Sewage generation","Wastewater generation","Sewage generation","Sewage generation"],"Value":[19836099.6999999993,4950635.0,20405884.6999999993,4621383.0,20304381.6999999993,4921364.0,20906964.3999999985,4277551.0,20493901.6999999993,21240609.1999999993]},"edges":[]}