{"data":{"Year":[2000,2001,2002,2003,2004,2005,2006,2007,2008,2009,2010,2011,2012,2013,2014,2015,2016,2017,2018,2019,2020,2021],"Value":[26.4483735051,24.8790665854,24.4856489648,24.1240080491,26.1184127677,25.7371837922,25.305371959,25.4829533097,25.6221514768,25.7749029595,27.4387665854,28.2367986112,27.8318955048,27.7858537381,27.0424521551,26.6060357279,26.357765222,26.945872693,26.6385086529,25.2222228746,24.78,25.46]},"edges":[]}