Year,Value
2006,0.0026100000000000003
2007,0.00403
2008,0.0055
2009,0.00882
2010,0.00968
2011,0.007790000000000001
2012,0.00821
2013,0.00765
2014,0.00809
2015,0.00892
2016,0.00902
2017,0.009470000000000001
2018,0.00943
