Year,Units,Value
2015,바젤협정,16.66667
2015,몬트리올 의정서,100.0
2015,로트르담 협정,72.54902
2015,스톡홀름 협정,33.33333
