Year,Value
2013,0.013819999999999999
2015,0.00854
2017,0.01492
