Year,Value
2011,0.81014
2012,0.8708299999999999
2013,0.70163
2014,0.7482300000000001
2015,0.7412
2016,0.71096
2017,0.5904
