Year,Value
2000,0.805419
2001,0.8472343000000001
2002,0.8431249
2003,0.8633389000000001
2004,0.7759642
2005,0.5790206999999999
2006,0.4792955
2007,0.4591606
2008,0.6962649999999999
2009,0.665181
2010,0.534829
2011,0.5490560999999999
2012,0.5388502
2013,0.4959693
2014,0.465765
2015,0.46746229999999994
2016,0.4610956
2017,0.42635280000000003
2018,0.43997749999999997
