Year,Value
2000,1.26931794008182
2001,1.28671898502697
2002,1.2126495563814899
2003,1.1758069825546598
2004,1.1026291587933799
2005,0.965958553859301
2006,0.951509668273726
2007,0.9563265317577042
2008,0.883663813467471
2009,0.799388072822497
2010,0.8302647729265301
2011,0.7884291111888209
2012,0.7666669391446291
2013,0.7127616136974871
2014,0.693875072450961
2015,0.647814262834957
2016,0.640738388350553
2017,0.588940940806298
2018,0.5680672658764561
2019,0.5525925363342691
