Year,Value
2000,12.90709
2005,10.62389
2010,9.922460000000001
2015,10.181389999999999
2016,10.22654
