Year,Value
2005,9.787
2006,9.977
2007,10.07
2008,10.225
2009,9.631
2010,9.715
2011,9.652000000000001
2012,9.777000000000001
2013,9.43
2014,9.65
2015,9.812999999999999
2016,9.345
2017,9.27
2018,9.043
