Year,Units,Value
2005,초등입학1년전 학습참여비율,0.99982
2013,초등입학1년전 학습참여비율,1.00755
2014,초등입학1년전 학습참여비율,0.99725
2015,초등입학1년전 학습참여비율,0.9959600000000001
2016,초등입학1년전 학습참여비율,0.9924299999999999
2017,초등입학1년전 학습참여비율,1.0033
