Year,Value
1999,8.125
2004,7.91666666666667
2009,7.91666666666667
2014,7.986111111111111
2019,8.055555555555559
