Year,Value
2000,26.448373505143397
2001,24.879066585405603
2002,24.4856489648245
2003,24.1240080490587
2004,26.1184127677449
2005,25.737183792160803
2006,25.3053719589718
2007,25.482953309664804
2008,25.622151476781003
2009,25.7749029595361
2010,27.438766585372896
2011,28.2367986111971
2012,27.8318955047505
2013,27.7858537381354
2014,27.0424521550532
2015,26.606035727907802
2016,26.357765221973
2017,26.9458726930168
2018,26.638508652915398
2019,25.322329150113
2020,24.9463055188308
