{"Year":[2002,2003,2004,2005,2006,2007,2008,2009,2010,2011,2012,2013,2014,2015,2016,2017,2000,2001,2002,2003,2004,2005,2006,2007,2008,2009,2010,2011,2012,2013,2014,2015,2016,2017],"\uad6c\ubd84":["\uae30\ucd08 \uc2dd\uc218 \uc11c\ube44\uc2a4","\uae30\ucd08 \uc2dd\uc218 \uc11c\ube44\uc2a4","\uae30\ucd08 \uc2dd\uc218 \uc11c\ube44\uc2a4","\uae30\ucd08 \uc2dd\uc218 \uc11c\ube44\uc2a4","\uae30\ucd08 \uc2dd\uc218 \uc11c\ube44\uc2a4","\uae30\ucd08 \uc2dd\uc218 \uc11c\ube44\uc2a4","\uae30\ucd08 \uc2dd\uc218 \uc11c\ube44\uc2a4","\uae30\ucd08 \uc2dd\uc218 \uc11c\ube44\uc2a4","\uae30\ucd08 \uc2dd\uc218 \uc11c\ube44\uc2a4","\uae30\ucd08 \uc2dd\uc218 \uc11c\ube44\uc2a4","\uae30\ucd08 \uc2dd\uc218 \uc11c\ube44\uc2a4","\uae30\ucd08 \uc2dd\uc218 \uc11c\ube44\uc2a4","\uae30\ucd08 \uc2dd\uc218 \uc11c\ube44\uc2a4","\uae30\ucd08 \uc2dd\uc218 \uc11c\ube44\uc2a4","\uae30\ucd08 \uc2dd\uc218 \uc11c\ube44\uc2a4","\uae30\ucd08 \uc2dd\uc218 \uc11c\ube44\uc2a4","\uae30\ucd08 \uc704\uc0dd \uc11c\ube44\uc2a4","\uae30\ucd08 \uc704\uc0dd \uc11c\ube44\uc2a4","\uae30\ucd08 \uc704\uc0dd \uc11c\ube44\uc2a4","\uae30\ucd08 \uc704\uc0dd \uc11c\ube44\uc2a4","\uae30\ucd08 \uc704\uc0dd \uc11c\ube44\uc2a4","\uae30\ucd08 \uc704\uc0dd \uc11c\ube44\uc2a4","\uae30\ucd08 \uc704\uc0dd \uc11c\ube44\uc2a4","\uae30\ucd08 \uc704\uc0dd \uc11c\ube44\uc2a4","\uae30\ucd08 \uc704\uc0dd \uc11c\ube44\uc2a4","\uae30\ucd08 \uc704\uc0dd \uc11c\ube44\uc2a4","\uae30\ucd08 \uc704\uc0dd \uc11c\ube44\uc2a4","\uae30\ucd08 \uc704\uc0dd \uc11c\ube44\uc2a4","\uae30\ucd08 \uc704\uc0dd \uc11c\ube44\uc2a4","\uae30\ucd08 \uc704\uc0dd \uc11c\ube44\uc2a4","\uae30\ucd08 \uc704\uc0dd \uc11c\ube44\uc2a4","\uae30\ucd08 \uc704\uc0dd \uc11c\ube44\uc2a4","\uae30\ucd08 \uc704\uc0dd \uc11c\ube44\uc2a4","\uae30\ucd08 \uc704\uc0dd \uc11c\ube44\uc2a4"],"Value":[98.55287,98.55287,98.55287,98.55287,98.55287,98.66513,98.77738,98.88963,99.00189,99.11414,99.22639,99.33864,99.4509,99.56315,99.6754,99.78765,100.0,100.0,100.0,100.0,100.0,100.0,100.0,100.0,100.0,100.0,100.0,100.0,100.0,100.0,100.0,100.0,100.0,100.0]}