Year,Value
2011,0.03
2012,0.026000000000000002
2013,0.028999999999999998
2014,0.034
2015,0.044000000000000004
2016,0.047
2017,0.052000000000000005
2018,0.0570000000000001
2019,0.065
