Year,Location,Value
2016,URBAN,24.68465996
2016,ALLAREA,24.57240486
