Year,지역,Value
2016,도시,24.68465996
2016,지역전체,24.57240486
