{"Year":[2016,2016],"Location":["URBAN","ALLAREA"],"Value":[24.68465996,24.57240486]}