{"Year":[2016,2016],"\uc9c0\uc5ed":["\ub3c4\uc2dc","\uc9c0\uc5ed\uc804\uccb4"],"Value":[24.68465996,24.57240486]}