{"Year":[2015,2020,2015,2020,2015,2020,2015,2020],"Units":["\ubc14\uc824\ud611\uc815","\ubc14\uc824\ud611\uc815","\ubaac\ud2b8\ub9ac\uc62c \uc758\uc815\uc11c","\ubaac\ud2b8\ub9ac\uc62c \uc758\uc815\uc11c","\ub85c\ud2b8\ub974\ub2f4 \ud611\uc815","\ub85c\ud2b8\ub974\ub2f4 \ud611\uc815","\uc2a4\ud1a1\ud640\ub984 \ud611\uc815","\uc2a4\ud1a1\ud640\ub984 \ud611\uc815"],"Value":[16.66667,20.0,100.0,100.0,72.54902,67.24,33.33333,50.0]}