{"Year":[2000,2001,2002,2003,2004,2005,2006,2007,2008,2009,2010,2011,2012,2013,2014,2015,2016,2017,2018,2019],"Value":[20.80521,20.80521,22.24759,22.2833,22.2833,22.28763,27.26278,27.26366,32.00366,32.65369,32.65369,32.82559,36.82559,36.82559,36.82559,36.82716,36.82716,37.02614,38.54986,38.54986]}