Year,Value
2009,0.62395
2010,0.40213000000000004
2011,0.41103999999999996
2012,0.44473999999999997
2013,0.31742
