{"Year":[2000,2001,2002,2003,2004,2005,2006,2007,2008,2009,2010,2011,2012,2013,2014,2015,2016,2017,2018,2019,2000,2001,2002,2003,2004,2005,2006,2007,2008,2009,2010,2011,2012,2013,2014,2015,2016,2017,2018,2019],"\uad6c\ubd84":["\ub2f4\uc218","\ub2f4\uc218","\ub2f4\uc218","\ub2f4\uc218","\ub2f4\uc218","\ub2f4\uc218","\ub2f4\uc218","\ub2f4\uc218","\ub2f4\uc218","\ub2f4\uc218","\ub2f4\uc218","\ub2f4\uc218","\ub2f4\uc218","\ub2f4\uc218","\ub2f4\uc218","\ub2f4\uc218","\ub2f4\uc218","\ub2f4\uc218","\ub2f4\uc218","\ub2f4\uc218","\uc721\uc0c1","\uc721\uc0c1","\uc721\uc0c1","\uc721\uc0c1","\uc721\uc0c1","\uc721\uc0c1","\uc721\uc0c1","\uc721\uc0c1","\uc721\uc0c1","\uc721\uc0c1","\uc721\uc0c1","\uc721\uc0c1","\uc721\uc0c1","\uc721\uc0c1","\uc721\uc0c1","\uc721\uc0c1","\uc721\uc0c1","\uc721\uc0c1","\uc721\uc0c1","\uc721\uc0c1"],"Value":[36.75545,36.75545,36.75545,36.75545,36.77034,36.7755,36.78096,36.78133,36.78133,36.78133,36.78133,36.78133,36.78133,36.78861,36.78861,36.78861,36.78861,36.78861,36.78861,36.78861,24.81306,24.81306,24.81702,25.93083,25.94368,26.40017,29.51442,29.95778,33.37738,33.78673,33.78673,33.89474,36.39474,36.39729,36.39729,36.39827,36.39827,36.52263,37.47495,37.47495]}