{"Year":[2000,2005,2010,2015],"Value":[64.52871,64.19006,63.8514,63.46144]}