{"Year":[2000,2000,2000,2001,2001,2001,2002,2002,2002,2003,2003,2003,2004,2004,2004,2005,2005,2005,2006,2006,2006,2007,2007,2007,2008,2008,2008,2009,2009,2009,2010,2010,2010,2011,2011,2011,2012,2012,2012,2013,2013,2013,2014,2014,2014,2015,2015,2015,2016,2016,2016,2017,2017,2017,2018,2018,2018,2019,2019,2019],"Bounds":["LB","MP","UB","LB","MP","UB","LB","MP","UB","LB","MP","UB","LB","MP","UB","LB","MP","UB","LB","MP","UB","LB","MP","UB","LB","MP","UB","LB","MP","UB","LB","MP","UB","LB","MP","UB","LB","MP","UB","LB","MP","UB","LB","MP","UB","LB","MP","UB","LB","MP","UB","LB","MP","UB","LB","MP","UB","LB","MP","UB"],"Value":[0.77719,0.79395,0.80462,0.77137,0.78997,0.80091,0.76452,0.78646,0.79823,0.76355,0.78351,0.79563,0.75747,0.77947,0.79343,0.75524,0.77681,0.79177,0.74832,0.77309,0.78986,0.74362,0.76968,0.78703,0.73918,0.76555,0.78588,0.73255,0.76225,0.78341,0.72614,0.75834,0.78203,0.72377,0.75635,0.78042,0.71327,0.75224,0.78025,0.70885,0.7497,0.77822,0.70218,0.74543,0.77786,0.68824,0.74381,0.77702,0.68959,0.74106,0.77676,0.67998,0.73798,0.77654,0.67438,0.73346,0.77594,0.66773,0.73148,0.77536]}