{"Year":[2007,2008,2009,2010,2011,2012,2013,2014,2015,2016,2017,2018],"Value":[13.03803,29.22256,56.66919,4.00977,14.36447,6.42387,60.20996,23.47669,36.40679,27.28175,26.86066,14.51268]}