{"Year":[2011,2011,2011,2012,2012,2012,2013,2013,2013,2014,2014,2014,2015,2015,2015,2016,2016,2016,2017,2017,2017],"Sex":[null,"FEMALE","MALE",null,"FEMALE","MALE",null,"FEMALE","MALE",null,"FEMALE","MALE",null,"FEMALE","MALE",null,"FEMALE","MALE",null,"FEMALE","MALE"],"Value":[0.81014,0.87006,0.74241,0.87083,0.8783,0.86339,0.70163,0.72661,0.67671,0.74823,0.76707,0.72943,0.7412,0.78357,0.69892,0.71096,0.77286,0.6492,0.5904,0.60066,0.57624]}