Year,성별,Value
2011,,0.81014
2011,여,0.8700600000000001
2011,남,0.74241
2012,,0.8708299999999999
2012,여,0.8783
2012,남,0.86339
2013,,0.70163
2013,여,0.7266100000000001
2013,남,0.67671
2014,,0.7482300000000001
2014,여,0.76707
2014,남,0.72943
2015,,0.7412
2015,여,0.78357
2015,남,0.69892
2016,,0.71096
2016,여,0.77286
2016,남,0.6492
2017,,0.5904
2017,여,0.6006600000000001
2017,남,0.57624
