{"Year":[2018,2018,2018,2018],"\uad6c\ubd84":["\uacf5\uc5ec\uad6d\uc774 \uc218\uc6d0\uad6d \uc8fc\ub3c4\uc758 \uc131\uacfc\uccb4\uacc4 \ubc0f \uae30\ud68d\uc218\ub2e8\uc744 \ud65c\uc6a9\ud558\ub294 \uc815\ub3c4(\uacf5\uc5ec\uad6d \uc790\ub8cc)","\uacf5\uc5ec\uad6d \uc0ac\uc5c5 \uc911 \uc218\uc6d0\uad6d \uc8fc\ub3c4\uc758 \uc131\uacfc\uccb4\uacc4\ub85c\ubd80\ud130 \ub3c4\ucd9c\ub41c \uc0c8\ub85c\uc6b4 \uac1c\ubc1c\ud611\ub825 \uc0ac\uc5c5 \ube44\uc911(\uacf5\uc5ec\uad6d \uc790\ub8cc)","\uc218\uc6d0\uad6d \uc8fc\ub3c4\uc758 \uc131\uacfc\uccb4\uacc4\ub85c\ubd80\ud130 \ub3c4\ucd9c\ub41c \uacb0\uacfc \uc9c0\ud45c","\uc218\uc6d0\uad6d\uc758 \uc790\uc6d0\uacfc \ud3c9\uac00 \uccb4\uacc4\ub97c \ud65c\uc6a9\ud558\uc5ec \ubaa8\ub2c8\ud130\ub9c1\ud560 \uacb0\uacfc\uc9c0\ud45c\uc758 \ube44\uc728(\uacf5\uc5ec\uad6d \uc790\ub8cc)"],"Value":[52.29508877,89.74359,39.20455,27.93713]}