{"Year":[2005,2005,2005,2005,2005,2005,2005,2005,2005,2005,2005,2005,2005,2005,2010,2010,2010,2010,2010,2010,2010,2010,2010,2010,2010,2010,2010,2010,2015,2015,2015,2015,2015,2015,2015,2015,2015,2015,2015,2015,2015,2015,2016,2016,2016,2016,2016,2016,2016,2016,2016,2016,2016,2016,2016,2016,2017,2017,2017,2017,2017,2017,2017,2017,2017,2017,2017,2017,2017,2017],"Tariff regime (status)":["PRF","MFN","PRF","MFN","PRF","MFN","PRF","PRF","MFN","MFN","MFN","MFN","PRF","PRF","MFN","PRF","MFN","PRF","MFN","PRF","MFN","PRF","PRF","MFN","MFN","MFN","PRF","PRF","MFN","PRF","MFN","PRF","PRF","MFN","PRF","MFN","MFN","PRF","PRF","MFN","PRF","MFN","PRF","MFN","MFN","PRF","PRF","MFN","PRF","MFN","PRF","MFN","PRF","MFN","MFN","PRF","MFN","PRF","MFN","MFN","PRF","MFN","PRF","MFN","PRF","MFN","PRF","PRF","MFN","PRF"],"Type of product":["AGR","AGR","ARM","ARM","ALP","ALP","TEX","CLO","IND","TEX","OIL","CLO","IND","OIL","CLO","ARM","ARM","ALP","ALP","AGR","AGR","CLO","TEX","TEX","IND","OIL","IND","OIL","OIL","CLO","CLO","ARM","ALP","ARM","OIL","ALP","TEX","TEX","AGR","AGR","IND","IND","AGR","AGR","TEX","OIL","ARM","CLO","CLO","IND","ALP","ALP","IND","OIL","ARM","TEX","AGR","AGR","ALP","IND","IND","OIL","ALP","ARM","ARM","TEX","TEX","OIL","CLO","CLO"],"Value":[85.66796,85.77802,0.0955,0.0955,7.68152,7.72337,8.38931,11.69277,3.94262,8.45397,5.0,12.85406,3.91128,5.0,12.7957,0.08781,0.09083,6.74107,7.04993,81.0859,81.64962,10.17221,7.02851,8.05419,3.70202,3.0,3.38629,2.99424,3.0,5.30217,12.84361,0.00854,5.89757,0.23528,2.82909,8.43952,8.2163,4.72633,67.69582,80.72593,2.04267,4.08585,71.83376,84.2454,8.23572,2.90267,0.01124,12.86571,5.74865,3.72576,6.43366,8.38422,2.35081,3.0,0.23784,5.27651,71.3647,52.02163,8.4463,4.92743,2.08352,3.0,4.90317,0.27122,0.01118,8.2312,3.58611,2.77755,12.83197,3.741]}