{"Year":[2000,2001,2002,2003,2004,2005,2006,2007,2008,2009,2010,2011,2012,2013,2014,2015,2016,2017,2018],"Value":[0.04162,0.05501,0.05092,0.06038,0.06203,0.09522,0.05131,0.07167,0.08584,0.09747,0.11569,0.11852,0.14069,0.13352,0.13067,0.13818,0.15903,0.14383,0.14931]}