{"Year":[2000,2001,2002,2003,2004,2005,2006,2007,2008,2009,2010,2011,2012,2013,2014,2015,2016,2017],"Value":[0.80239,0.84444,0.84084,0.86106,0.77352,0.57657,0.47697,0.45692,0.6937,0.66327,0.53318,0.54738,0.53737,0.49444,0.46414,0.46602,0.45971,0.4066]}