{"Year":[2000,2001,2002,2003,2004,2005,2006,2007,2008,2009,2010,2011,2012,2013,2014,2015,2016,2017,2018,2019],"Value":[100.0,100.0,100.0,0.0,0.0,0.0,0.0,0.0,0.0,0.0,0.0,75.0,88.88889,81.81818,82.6087,84.61538,84.61538,85.18519,86.2069,86.2069]}