Year,Value
2000,
2001,1.5441799999999999
2002,1.54426
2003,1.56098
2004,1.39491
2005,1.58299
2006,1.8928099999999999
2007,1.9617
2008,2.08427
2009,1.81103
2010,1.99951
2011,2.08265
2012,1.9129200000000002
2013,1.9112900000000002
2014,1.7520799999999999
2015,1.97915
2016,2.09655
2017,
