{"Year":[2001,2002,2003,2004,2005,2006,2007,2008,2009,2010,2011,2012,2013,2014,2015,2016,2017,2018],"Value":[1.59844,1.61561,1.65512,1.50165,1.71611,2.04259,2.10135,2.20074,1.89727,2.08568,2.15426,1.95493,1.93884,1.80921,2.05925,2.17387,0.71238,0.72301]}