{"Year":[2001,2002,2003,2004,2005,2006,2007,2008,2009,2010,2011,2012,2013,2014,2015,2016,2017,2018],"Value":[3.56582,3.2068,2.9646,2.95802,2.61998,2.49747,2.28341,2.14225,2.24056,2.14402,2.2092,2.18619,2.09905,2.05668,2.00391,1.85903,1.85076,1.82355]}