{"Year":[2000,2005,2010,2015,2016],"Value":[12.90709,10.62389,9.92246,10.18139,10.22654]}