{"Year":[2003,2003,2003,2006,2006,2006,2007,2007,2007,2009,2009,2009,2011,2011,2011,2011,2011,2011,2012,2012,2012,2015,2015,2015,2015,2015,2015,2003,2003,2003,2006,2006,2006,2009,2009,2009,2012,2012,2012,2015,2015,2015],"\uacfc\ubaa9":["\uc218\ud559","\uc218\ud559","\uc218\ud559","\uc218\ud559","\uc218\ud559","\uc218\ud559","\uc218\ud559","\uc218\ud559","\uc218\ud559","\uc218\ud559","\uc218\ud559","\uc218\ud559","\uc218\ud559","\uc218\ud559","\uc218\ud559","\uc218\ud559","\uc218\ud559","\uc218\ud559","\uc218\ud559","\uc218\ud559","\uc218\ud559","\uc218\ud559","\uc218\ud559","\uc218\ud559","\uc218\ud559","\uc218\ud559","\uc218\ud559","\uc77d\uae30","\uc77d\uae30","\uc77d\uae30","\uc77d\uae30","\uc77d\uae30","\uc77d\uae30","\uc77d\uae30","\uc77d\uae30","\uc77d\uae30","\uc77d\uae30","\uc77d\uae30","\uc77d\uae30","\uc77d\uae30","\uc77d\uae30","\uc77d\uae30"],"\uc131\ubcc4":[null,"\uc5ec","\ub0a8",null,"\uc5ec","\ub0a8",null,"\uc5ec","\ub0a8",null,"\uc5ec","\ub0a8",null,null,"\uc5ec","\uc5ec","\ub0a8","\ub0a8",null,"\uc5ec","\ub0a8",null,null,"\uc5ec","\uc5ec","\ub0a8","\ub0a8",null,"\uc5ec","\ub0a8",null,"\uc5ec","\ub0a8",null,"\uc5ec","\ub0a8",null,"\uc5ec","\ub0a8",null,"\uc5ec","\ub0a8"],"\ud559\ub825\uc218\uc900":["\uc911\ud559\uad50","\uc911\ud559\uad50","\uc911\ud559\uad50","\uc911\ud559\uad50","\uc911\ud559\uad50","\uc911\ud559\uad50","\uc911\ud559\uad50","\uc911\ud559\uad50","\uc911\ud559\uad50","\uc911\ud559\uad50","\uc911\ud559\uad50","\uc911\ud559\uad50","2/3\ub2e8\uacc4","\uc911\ud559\uad50","2/3\ub2e8\uacc4","\uc911\ud559\uad50","2/3\ub2e8\uacc4","\uc911\ud559\uad50","\uc911\ud559\uad50","\uc911\ud559\uad50","\uc911\ud559\uad50","2/3\ub2e8\uacc4","\uc911\ud559\uad50","2/3\ub2e8\uacc4","\uc911\ud559\uad50","2/3\ub2e8\uacc4","\uc911\ud559\uad50","\uc911\ud559\uad50","\uc911\ud559\uad50","\uc911\ud559\uad50","\uc911\ud559\uad50","\uc911\ud559\uad50","\uc911\ud559\uad50","\uc911\ud559\uad50","\uc911\ud559\uad50","\uc911\ud559\uad50","\uc911\ud559\uad50","\uc911\ud559\uad50","\uc911\ud559\uad50","\uc911\ud559\uad50","\uc911\ud559\uad50","\uc911\ud559\uad50"],"Value":[90.48053,89.00987,91.48282,91.14494,91.37633,90.91996,97.60511,97.95,97.28,91.87464,92.98635,90.87881,99.63955,98.54145,99.74,98.86,99.55,98.2,90.86689,90.91781,90.8225,99.65868,84.53711,99.58,87.04182,99.73,82.24592,93.22865,95.56216,91.63831,94.2216,96.71495,91.79742,94.20598,97.57713,91.18625,92.35237,95.49908,89.60872,86.34297,92.3635,80.83565]}