{"Year":[2003,2003,2003,2006,2006,2006,2007,2007,2007,2009,2009,2009,2011,2011,2011,2011,2011,2011,2012,2012,2012,2015,2015,2015,2015,2015,2015,2003,2003,2003,2006,2006,2006,2009,2009,2009,2012,2012,2012,2015,2015,2015],"Subject":["Maths","Maths","Maths","Maths","Maths","Maths","Maths","Maths","Maths","Maths","Maths","Maths","Maths","Maths","Maths","Maths","Maths","Maths","Maths","Maths","Maths","Maths","Maths","Maths","Maths","Maths","Maths","Reading","Reading","Reading","Reading","Reading","Reading","Reading","Reading","Reading","Reading","Reading","Reading","Reading","Reading","Reading"],"Sex":[null,"FEMALE","MALE",null,"FEMALE","MALE",null,"FEMALE","MALE",null,"FEMALE","MALE",null,null,"FEMALE","FEMALE","MALE","MALE",null,"FEMALE","MALE",null,null,"FEMALE","FEMALE","MALE","MALE",null,"FEMALE","MALE",null,"FEMALE","MALE",null,"FEMALE","MALE",null,"FEMALE","MALE",null,"FEMALE","MALE"],"Education level":["LOWSEC","LOWSEC","LOWSEC","LOWSEC","LOWSEC","LOWSEC","LOWSEC","LOWSEC","LOWSEC","LOWSEC","LOWSEC","LOWSEC","GRAD23","LOWSEC","GRAD23","LOWSEC","GRAD23","LOWSEC","LOWSEC","LOWSEC","LOWSEC","GRAD23","LOWSEC","GRAD23","LOWSEC","GRAD23","LOWSEC","LOWSEC","LOWSEC","LOWSEC","LOWSEC","LOWSEC","LOWSEC","LOWSEC","LOWSEC","LOWSEC","LOWSEC","LOWSEC","LOWSEC","LOWSEC","LOWSEC","LOWSEC"],"Value":[90.48053,89.00987,91.48282,91.14494,91.37633,90.91996,97.60511,97.95,97.28,91.87464,92.98635,90.87881,99.63955,98.54145,99.74,98.86,99.55,98.2,90.86689,90.91781,90.8225,99.65868,84.53711,99.58,87.04182,99.73,82.24592,93.22865,95.56216,91.63831,94.2216,96.71495,91.79742,94.20598,97.57713,91.18625,92.35237,95.49908,89.60872,86.34297,92.3635,80.83565]}