{"Year":[2012,2012,2012],"\uc131\ubcc4":[null,"\uc5ec","\ub0a8"],"Value":[49.71577,45.39873,53.95168]}