Year,성별,Value
2012,,49.71577
2012,여,45.39873
2012,남,53.95168
