{"Year":[2000,2000,2003,2003,2006,2006,2009,2009,2011,2012,2012,2015,2015,2015,2018,2018],"\uacfc\ubaa9":["\ubb38\ud574\ub825","\uc218\ub9ac\ub825","\ubb38\ud574\ub825","\uc218\ub9ac\ub825","\ubb38\ud574\ub825","\uc218\ub9ac\ub825","\ubb38\ud574\ub825","\uc218\ub9ac\ub825","\uc218\ub9ac\ub825","\ubb38\ud574\ub825","\uc218\ub9ac\ub825","\ubb38\ud574\ub825","\uc218\ub9ac\ub825","\uc218\ub9ac\ub825","\ubb38\ud574\ub825","\uc218\ub9ac\ub825"],"\ud559\ub144":["\uc911\ud559\uad50","\uc911\ud559\uad50","\uc911\ud559\uad50","\uc911\ud559\uad50","\uc911\ud559\uad50","\uc911\ud559\uad50","\uc911\ud559\uad50","\uc911\ud559\uad50","\ucd08\ub4f1 2\ud559\ub144 \ud639\uc740 3\ud559\ub144","\uc911\ud559\uad50","\uc911\ud559\uad50","\uc911\ud559\uad50","\uc911\ud559\uad50","\ucd08\ub4f1 2\ud559\ub144 \ud639\uc740 3\ud559\ub144","\uc911\ud559\uad50","\uc911\ud559\uad50"],"Value":[1.03874,0.96628,1.04282,0.97297,1.05357,1.00502,1.07009,1.02319,1.00149,1.06573,1.00105,1.14261,1.05831,1.00527,1.09286,1.01412]}