{"Year":[2012,2012],"\uae30\ub2a5":["\uc218\ub9ac\ub825","\ubb38\ud574\ub825"],"Value":[0.96633,0.93635]}