Year,Type of skill,Value
2012,LITE,0.9663299999999999
2012,NUME,0.93635
