Year,기능,Value
2012,수리력,0.9663299999999999
2012,문해력,0.93635
