{"Year":[2012,2012],"Type of skill":["LITE","NUME"],"Value":[0.96633,0.93635]}