{"Year":[2012,2012,2012,2012,2012,2012],"Sex":[null,null,"FEMALE","FEMALE","MALE","MALE"],"Type of skill":["LITE","NUME","LITE","NUME","LITE","NUME"],"Value":[87.10099,81.04022,85.61688,78.38933,88.60029,83.71823]}