Year,Sex,Type of skill,Value
2012,,LITE,87.10099
2012,,NUME,81.04021999999999
2012,FEMALE,LITE,85.61688000000001
2012,FEMALE,NUME,78.38933
2012,MALE,LITE,88.60029
2012,MALE,NUME,83.71823
