Year,Value
2013,11.491442542787302
2014,11.1386138613861
2015,10.3351955307263
2016,9.85074626865672
2017,12.4600638977636
2018,14.555256064689999
2019,15.4411764705882
2020,15.6962025316456
