{"Year":[2002,2003,2004,2005,2006,2007,2008,2009,2010,2011,2012,2013,2014,2015,2016,2017],"Value":[96.82212,96.82212,96.82212,96.82212,96.82212,97.0454,97.26892,97.49271,97.71676,97.94106,98.01016,98.00467,97.99891,97.9929,98.10338,98.21386]}