{"Year":[2000,2001,2002,2003,2004,2005,2006,2007,2008,2009,2010,2011,2012,2013,2014,2015,2016,2017],"Value":[85.87245,86.68383,87.62764,88.70062,89.77834,90.83481,91.85084,92.84331,93.81222,94.75758,95.67938,96.57762,97.45231,98.29455,98.97389,99.62492,99.86111,99.90431]}