Year,Value
2009,2.67311832681577
2010,2.45544152766636
2011,2.35593574367419
2012,2.8233351678591094
2013,3.15095539587466
2014,2.8990474223125697
2015,3.4975017844396903
2016,3.1827096293272503
2017,3.71389507536997
