{"Year":[2006,2007,2008,2009,2010,2011,2012,2013,2014,2015,2016,2017,2006,2007,2008,2009,2010,2011,2012,2013,2014,2015,2016,2017],"Category":["Commitments","Commitments","Commitments","Commitments","Commitments","Commitments","Commitments","Commitments","Commitments","Commitments","Commitments","Commitments","Disbursement","Disbursement","Disbursement","Disbursement","Disbursement","Disbursement","Disbursement","Disbursement","Disbursement","Disbursement","Disbursement","Disbursement"],"Value":[209.88136,535.25509,725.75986,1208.58632,805.56287,809.16125,839.32571,732.18616,1061.28238,930.81599,1061.00559,1183.67027,159.73768,174.67872,267.59824,304.16676,378.54573,437.22942,461.79159,564.00747,529.79148,613.12151,590.86188,556.53925]}