{"Year":[2006,2007,2008,2009,2010,2011,2012,2013,2014,2015,2016,2017,2018,2006,2007,2008,2009,2010,2011,2012,2013,2014,2015,2016,2017,2018],"\uad6c\ubd84":["\uc57d\uc815\uc561","\uc57d\uc815\uc561","\uc57d\uc815\uc561","\uc57d\uc815\uc561","\uc57d\uc815\uc561","\uc57d\uc815\uc561","\uc57d\uc815\uc561","\uc57d\uc815\uc561","\uc57d\uc815\uc561","\uc57d\uc815\uc561","\uc57d\uc815\uc561","\uc57d\uc815\uc561","\uc57d\uc815\uc561","\uc9d1\ud589\uc561","\uc9d1\ud589\uc561","\uc9d1\ud589\uc561","\uc9d1\ud589\uc561","\uc9d1\ud589\uc561","\uc9d1\ud589\uc561","\uc9d1\ud589\uc561","\uc9d1\ud589\uc561","\uc9d1\ud589\uc561","\uc9d1\ud589\uc561","\uc9d1\ud589\uc561","\uc9d1\ud589\uc561","\uc9d1\ud589\uc561"],"Value":[218.13744,556.19098,755.02785,1256.6457,841.05252,847.33444,877.114,763.89936,1103.88698,960.76196,1095.05299,1222.16063,1552.4664,166.02126,181.51107,278.34209,316.26194,395.22283,457.85626,482.58247,588.43635,551.05967,632.84669,609.82249,574.63669,649.56455]}