{"Year":[2000,2001,2002,2003,2004,2005,2006,2007,2008,2009,2010,2011,2012,2013,2014,2015,2016,2017],"Value":[406384.82,420577.03,439704.56,447252.16,454032.84,462389.04,468447.96,485692.14,499188.76,505964.29,558142.8199999999,586513.14,587474.7,595950.25,588568.98,592060.3199999999,593756.17,606444.38]}