Year,Value
2000,0.00456
2001,0.00461
2002,0.00464
2003,0.00473
2004,0.00476
2005,0.00479
2006,0.00482
2007,0.00489
2008,0.00491
2009,0.0049
2010,0.00485
2011,0.00486
2012,0.00485
2013,0.00485
2014,0.00485
2015,0.00488
2016,0.00482
2017,0.0048
2018,0.00478
2019,0.00481
2020,0.00487
2021,0.00498
2022,0.00503
