Year,Value
2001,3.56582
2002,3.2068
2003,2.9646
2004,2.95802
2005,2.61998
2006,2.49747
2007,2.28341
2008,2.14225
2009,2.24056
2010,2.14402
2011,2.2092
2012,2.18619
2013,2.09905
2014,2.05668
2015,2.00391
2016,1.85903
2017,1.85076
2018,1.82355
