Year,Sex,Value
2012,,49.71577
2012,FEMALE,45.39873
2012,MALE,53.95168
