Year,Value
2000,12.90709
2005,10.62389
2010,9.92246
2015,10.18139
2016,10.22654
