Year,data.Sex,Value
2014,data.Female,0.439308548378684
2015,data.Female,0.445858072638791
2016,data.Female,0.451994148040062
2017,data.Female,0.460467909699123
2018,data.Female,0.467
2019,data.Female,0.473
2014,data.Male,0.560691451621316
2015,data.Male,0.554141927361209
2016,data.Male,0.548005851959938
2017,data.Male,0.539532090300877
2018,data.Male,0.53305938486843
2019,data.Male,0.527145374742004
