Year,Value
2005,0.000062
2006,0.000106
2007,0.000060
2008,0.000020
2009,0.000062
2010,0.000322
2011,0.000280
2012,0.000091
2013,0.000017
2014,0.000032
2015,0.000007
2016,0.000040
2017,0.000051
2018,0.000015
2019,0.000026
2020,0.00004
