Year,Value
2000,0.00459
2001,0.00455
2002,0.00448
2003,0.0044
2004,0.00438
2005,0.00436
2006,0.00429
2007,0.00438
2008,0.0044
2009,0.00425
2010,0.00411
2011,0.0042
2012,0.00424
2013,0.00425
2014,0.00428
2015,0.00438
2016,0.00439
2017,0.00427
2018,0.00433
2019,0.00442
2020,0.00445
