Year,Value
2000,-67.68
2001,-162.78
2002,1487.23
2003,2026.07
2004,2996.96
2005,4510.03
2006,6333.78
2007,11322.69
2008,10305.66
2009,6051.52
2010,11511.76
2011,10998.81
2012,11970.51
2013,14261.45493
2014,10800.6278
2015,11469.54665
2016,11107.7789
2017,9599.08593
