Year,Value
2010,33.648505
2011,42.201802
2012,55.195179
2013,62.884843
2014,66.68824
2015,69.909662
2016,72.256229
2017,73.440832
2018,69.010914
2019,70.660401
2020,69.809213
2021,87.783284
