Year,Value
2002,96.82212
2003,96.82212
2004,96.82212
2005,96.82212
2006,96.82212
2007,97.0454
2008,97.26892
2009,97.49271
2010,97.71676
2011,97.94106
2012,98.01016
2013,98.00467
2014,97.99891
2015,97.9929
2016,98.10338
2017,98.21386
