Year,Value
2015,0.00001
2016,0.00004
2017,0.00011
