Year,Value
2001,1.59844
2002,1.61561
2003,1.65512
2004,1.50165
2005,1.71611
2006,2.04259
2007,2.10135
2008,2.20074
2009,1.89727
2010,2.08568
2011,2.15426
2012,1.95493
2013,1.93884
2014,1.80921
2015,2.05925
2016,2.17387
2017,0.71238
2018,0.72301
