Year,Value
2009,2.67311832681577
2010,2.45544152766636
2011,2.35593574367419
2012,2.82333516785911
2013,3.15095539587466
2014,2.89904742231257
2015,3.49750178443969
2016,3.18270962932725
2017,3.71389507536997
