Year,Value
2000,26.4483735051434
2001,24.8790665854056
2002,24.4856489648245
2003,24.1240080490587
2004,26.1184127677449
2005,25.7371837921608
2006,25.3053719589718
2007,25.4829533096648
2008,25.622151476781
2009,25.7749029595361
2010,27.4387665853729
2011,28.2367986111971
2012,27.8318955047505
2013,27.7858537381354
2014,27.0424521550532
2015,26.6060357279078
2016,26.357765221973
2017,26.9458726930168
2018,26.6385086529154
2019,25.222222874629
2020,24.8106926282687
