Year,Value
2005,1.8456975209086199
2006,1.84258508567299
2007,1.8601125020635501
2008,1.86311252706464
2009,1.8440523377292299
2010,1.8244918569958799
2011,1.8344967599547199
2012,1.8391778604459901
2013,1.83900856752817
2014,1.8394092692189199
2015,1.85278282826209
2016,1.8483119695555299
2017,1.8279068710901401
2018,1.8337012562813999
