Year,Value
2005,0.00006
2006,0.0001
2007,0.00006
2008,0.00002
2009,0.00006
2010,0.00031
2011,0.00027
2012,0.00009
2013,0.00002
2014,0.00003
2015,0
2016,0.00001
2017,0.00004
2018,0
