Year,Value
2000,39.8565922374963
2001,42.4404315127967
2002,43.605739676366
2003,44.1554961659533
2004,48.3404685170042
2005,55.4482146598795
2006,55.7938203812998
2007,57.9986751482237
2008,59.2057044304441
2009,60.3973311663316
2010,59.3852943763991
2011,57.6085018453069
2012,57.6983109292531
2013,56.9185081407997
2014,57.969033318223
2015,58.4713161580422
2016,58.5253506906026
2017,59.4617953338118
2018,59.4122264932309
