Year,data.Sex,Value
1999,,8.125
1999,data.Male,2.01388888888889
1999,data.Female,14.0972222222222
2004,,7.91666666666667
2004,data.Male,2.29166666666667
2004,data.Female,13.4027777777778
2009,,7.91666666666667
2009,data.Male,2.63888888888889
2009,data.Female,13.0555555555556
2014,,7.98611111111111
2014,data.Male,2.91666666666667
2014,data.Female,12.8472222222222
2019,,8.05555555555556
2019,data.Male,3.61111111111111
2019,data.Female,12.3611111111111
