Year,Value
2000,100
2001,100
2002,100
2003,0
2004,0
2005,0
2006,0
2007,0
2008,0
2009,0
2010,0
2011,75
2012,88.88889
2013,81.81818
2014,82.6087
2015,84.61538
2016,84.61538
2017,85.18519
2018,86.2069
2019,86.2069
