Year,data.Sex,Value
2005,,49.59284
2005,data.Female,49.5831
2005,data.Male,49.60182
2013,,97.84308
2013,data.Female,98.28248
2013,data.Male,97.4323
2014,,93.51384
2014,data.Female,93.39661
2014,data.Male,93.62426
2015,,90.81364
2015,data.Female,90.6319
2015,data.Male,90.98515
2016,,96.36279
2016,data.Female,96.11757
2016,data.Male,96.59407
