Year,Value
2005,30.13204 
2006,54.94476 
2007,37.18728 
2008,11.5899 
2009,35.03071 
2010,316.08343
2011,180.19194
2012,55.94064 
2013,11.37706 
2014,24.13977 
2015,1.05543 
2016,17.80979 
2017,42.9559 
2018,26.48386 
