Year,Value
2009,0.62395
2010,0.40213
2011,0.41104
2012,0.44474
2013,0.31742
