Year,Value
2011,75
2012,88.88889
2013,81.81818
2014,82.6087
2015,84.61538
2016,84.61538
2017,85.18519
2018,86.2069
2019,86.2069
