Year,Value
2000,NA
2001,1.54418
2002,1.54426
2003,1.56098
2004,1.39491
2005,1.58299
2006,1.89281
2007,1.9617
2008,2.08427
2009,1.81103
2010,1.99951
2011,2.08265
2012,1.91292
2013,1.91129
2014,1.75208
2015,1.97915
2016,2.09655
2017,NA
