Year,Value
2005,0.10999
2006,0.14383
2007,0.04865
2008,0.13748
2009,0.50128
2010,0.20379
2011,0.16673
2012,0.04323
2013,0.03294
2014,0.85014
2015,0.13119
2016,0.05071
2017,0.14002
2018,0.28278
