Year,Value
2010,33.648505
2011,42.201802
2012,55.195179
2013,62.884843
2014,66.68824
2015,69.909662
2016,72.256229
2017,74.750444
2018,72.084654
2019,72.150774
