Year,Sex,Value
2005,,49.59284
2005,FEMALE,49.5831
2005,MALE,49.60182
2013,,97.84308
2013,FEMALE,98.28248
2013,MALE,97.4323
2014,,93.51384
2014,FEMALE,93.39661
2014,MALE,93.62426
2015,,90.81364
2015,FEMALE,90.6319
2015,MALE,90.98515
2016,,96.36279
2016,FEMALE,96.11757
2016,MALE,96.59407
