Year,Value
2000,20.21108
2001,20.21108
2002,20.21108
2003,20.21108
2004,20.21108
2005,20.21108
2006,20.21108
2007,20.21108
2008,20.21108
2009,20.21108
2010,20.21108
2011,20.21108
2012,20.21108
2013,20.21108
2014,20.21108
2015,20.21108
2016,20.21108
2017,20.21108
2018,20.21108
2019,20.21108
2020,20.21108
2021,20.21108
2022,20.2112
