Year,Value
2000,64.52871
2005,64.19006
2010,63.8514
2015,63.46144
