{"Year":[2005,2006,2007,2008,2009,2010,2011,2012,2013,2014,2015,2016,2017,2018],"Value":[0.00006,0.0001,0.00006,0.00002,0.00006,0.00031,0.00027,0.00009,0.00002,0.00003,0.0,0.00001,0.00004,0.0]}