{"Year":[2006,2007,2008,2009,2010,2011,2012,2013,2014,2015,2016,2017,2018,2006,2007,2008,2009,2010,2011,2012,2013,2014,2015,2016,2017,2018,2005,2006,2007,2008,2009,2010,2011,2012,2013,2014,2015,2016,2017,2018,2005,2006,2007,2008,2009,2010,2011,2012,2013,2014,2015,2016,2017,2018],"Category":["Industrial waste","Industrial waste","Industrial waste","Industrial waste","Industrial waste","Industrial waste","Industrial waste","Industrial waste","Industrial waste","Industrial waste","Industrial waste","Industrial waste","Industrial waste","Domestic waste","Domestic waste","Domestic waste","Domestic waste","Domestic waste","Domestic waste","Domestic waste","Domestic waste","Domestic waste","Domestic waste","Domestic waste","Domestic waste","Domestic waste","Construction waste","Construction waste","Construction waste","Construction waste","Construction waste","Construction waste","Construction waste","Construction waste","Construction waste","Construction waste","Construction waste","Construction waste","Construction waste","Construction waste","Specified waste","Specified waste","Specified waste","Specified waste","Specified waste","Specified waste","Specified waste","Specified waste","Specified waste","Specified waste","Specified waste","Specified waste","Specified waste","Specified waste"],"Value":[59.4218753246,66.8427883317,70.819171217,66.4667272364,72.2585675431,73.0283668151,76.4901250355,75.3598516873,77.2661133179,78.1664525725,79.0639423323,80.5915643819,81.6266204169,55.7938203813,57.9986751482,59.2057044304,60.3973311663,59.3852943764,57.6085018453,57.6983109293,56.9185081408,57.9690333182,58.471316158,58.5253506906,59.4617953338,59.4122264932,96.7239962183,96.9736349224,97.5000145345,97.5420422982,97.7777026334,98.2486003849,98.0769478353,97.2489196452,97.4887448192,97.8790327453,97.5311686988,98.0967088506,98.0649296653,98.2598287806,61.1,54.8,54.0,56.5,56.8,56.1,57.1,54.4,59.1,57.3,57.5,56.0,56.2,60.0]}