{"Year":[2005,2005,2006,2006,2007,2007,2008,2008,2009,2009,2010,2010,2011,2011,2012,2012,2013,2013,2014,2014,2015,2015,2016,2016,2017,2017,2018,2018],"Category":["Dead or Missing Person","Directly affected Person","Dead or Missing Person","Directly affected Person","Dead or Missing Person","Directly affected Person","Dead or Missing Person","Directly affected Person","Dead or Missing Person","Directly affected Person","Dead or Missing Person","Directly affected Person","Dead or Missing Person","Directly affected Person","Dead or Missing Person","Directly affected Person","Dead or Missing Person","Directly affected Person","Dead or Missing Person","Directly affected Person","Dead or Missing Person","Directly affected Person","Dead or Missing Person","Directly affected Person","Dead or Missing Person","Directly affected Person","Dead or Missing Person","Directly affected Person"],"Value":[0.10999,30.13204,0.14383,54.94476,0.04865,37.18728,0.13748,11.5899,0.50128,35.03071,0.20379,316.08343,0.16673,180.19194,0.04323,55.94064,0.03294,11.37706,0.85014,24.13977,0.13119,1.05543,0.05071,17.80979,0.14002,42.9559,0.28278,26.48386]}