Year,Sex,Value
2014,Female,43.9308548378684
2015,Female,44.5858072638791
2016,Female,45.1994148040062
2017,Female,46.0467909699123
2018,Female,46.7
2019,Female,47.3
2014,Male,56.0691451621316
2015,Male,55.4141927361209
2016,Male,54.8005851959938
2017,Male,53.9532090300877
2018,Male,53.305938486843
2019,Male,52.7145374742004
