Year,Sex,Value
2014,Female,0.439308548378684
2015,Female,0.445858072638791
2016,Female,0.451994148040062
2017,Female,0.460467909699123
2018,Female,0.467
2019,Female,0.473
2014,Male,0.560691451621316
2015,Male,0.554141927361209
2016,Male,0.548005851959938
2017,Male,0.539532090300877
2018,Male,0.53305938486843
2019,Male,0.527145374742004
