{"Year":[2000,2001,2002,2003,2004,2005,2006,2007,2008,2009,2010,2011,2012,2013,2014,2015,2016,2017,2018,2019],"Value":[16.88834,20.13951,21.26149,20.64427,22.35185,28.21944,30.47789,31.20772,29.67206,31.12152,34.0726,32.0042,32.81044,28.35997,30.00114,29.10287,31.64344,35.03123,22.4694,29.1544]}