Year,Sex,Value
2005,,49.59284
2005,Female,49.5831
2005,Male,49.60182
2013,,97.84308
2013,Female,98.28248
2013,Male,97.4323
2014,,93.51384
2014,Female,93.39661
2014,Male,93.62426
2015,,90.81364
2015,Female,90.6319
2015,Male,90.98515
2016,,96.36279
2016,Female,96.11757
2016,Male,96.59407
