{"Year":[2010,2011,2012,2013,2014,2015,2016,2017,2018,2019,2020],"Value":[33.648505,42.201802,55.195179,62.884843,66.68824,69.909662,72.256229,73.440832,69.010914,70.660401,69.809213]}