{"Year":[2013,2014,2015,2016,2017,2018,2019,2020,2021],"Value":[11.4914425428,11.1386138614,10.3351955307,9.8507462687,12.4600638978,14.5552560647,15.4411764706,15.6962025316,16.28498728]}