Year,Value
2013,11.4914425427873
2014,11.1386138613861
2015,10.3351955307263
2016,9.85074626865672
2017,12.4600638977636
2018,14.55525606469
2019,15.4411764705882
2020,15.6962025316456
