{"Year":[2004,2005,2006,2007,2008,2009,2010,2011,2012,2013,2014,2015,2016,2017,2018,2019,2020,2004,2005,2006,2007,2008,2009,2010,2011,2012,2013,2014,2015,2016,2017,2018,2019,2020,2021],"Banking service":["ATMs","ATMs","ATMs","ATMs","ATMs","ATMs","ATMs","ATMs","ATMs","ATMs","ATMs","ATMs","ATMs","ATMs","ATMs","ATMs","ATMs","Commercial bank branches","Commercial bank branches","Commercial bank branches","Commercial bank branches","Commercial bank branches","Commercial bank branches","Commercial bank branches","Commercial bank branches","Commercial bank branches","Commercial bank branches","Commercial bank branches","Commercial bank branches","Commercial bank branches","Commercial bank branches","Commercial bank branches","Commercial bank branches","Commercial bank branches","Commercial bank branches"],"Value":[208.15800994,212.1357544061,218.2365501896,234.2194086195,241.7959902027,247.0906421948,265.3751502161,281.2313999259,288.445031623,288.5854529991,280.808057799,275.8808217767,271.5618,272.5928,267.0787,264.3366,259.4557,16.7975690778,17.3319707747,17.8238438996,18.3071375421,18.6966961896,18.1921552973,18.1791478776,18.2208197712,18.3123684525,18.0209113652,17.1967351508,16.7514660375,16.2376,15.4367,15.2809,15.0819,14.3555,13.653]}