{"Year":[2000,2001,2002,2003,2004,2005,2006,2007,2008,2009,2010,2011,2012,2013,2014,2015,2016,2017,2018,2019,2020],"Value":[0.76254,0.75815,0.75517,0.75167,0.74826,0.74463,0.7408,0.73786,0.7345,0.72997,0.72816,0.72497,0.72203,0.7188,0.71677,0.7137,0.71115,0.70711,0.70449,0.7015,0.69898]}