{"Year":[2014,2015,2016,2017,2018,2019,2014,2015,2016,2017,2018,2019],"data.Sex":["data.Female","data.Female","data.Female","data.Female","data.Female","data.Female","data.Male","data.Male","data.Male","data.Male","data.Male","data.Male"],"Value":[43.9308548379,44.5858072639,45.199414804,46.0467909699,46.7,47.3,56.0691451621,55.4141927361,54.800585196,53.9532090301,53.3059384868,52.7145374742]}