{"Year":[2000,2000,2000,2001,2001,2001,2002,2002,2002,2003,2003,2003,2004,2004,2004,2005,2005,2005,2006,2006,2006,2007,2007,2007,2008,2008,2008,2009,2009,2009,2010,2010,2010,2011,2011,2011,2012,2012,2012,2013,2013,2013,2014,2014,2014,2015,2015,2015,2016,2016,2016,2017,2017,2017,2018,2018,2018,2019,2019,2019,2020,2020,2020],"data.Sex":[null,"data.male","data.female",null,"data.male","data.female",null,"data.male","data.female",null,"data.male","data.female",null,"data.male","data.female",null,"data.male","data.female",null,"data.male","data.female",null,"data.male","data.female",null,"data.male","data.female",null,"data.male","data.female",null,"data.male","data.female",null,"data.male","data.female",null,"data.male","data.female",null,"data.male","data.female",null,"data.male","data.female",null,"data.male","data.female",null,"data.male","data.female",null,"data.male","data.female",null,"data.male","data.female",null,"data.male","data.female",null,"data.male","data.female"],"Value":[127.0085624712,131.7962997221,121.7331738485,128.7820149703,135.6321002001,121.0592502892,121.286690243,129.0377170343,112.5741171605,117.6757622152,128.4002974027,105.9679001585,110.1248552499,116.4663466974,103.5949348111,96.7012514334,101.9095525223,90.9142062742,95.0150327395,101.4187815182,88.2947505758,95.6765698549,101.8664437006,88.9776912231,88.5008281162,92.9968333918,83.2122650712,79.9874140157,81.4839437062,78.2387104987,82.9479785929,93.618867663,71.8856927555,78.9190738207,86.552284662,70.747106563,76.6685840358,83.8173414243,69.0589372188,71.2423864301,74.9514302022,67.3147157575,69.3852056772,73.6832404584,64.9557509167,64.6171220169,70.2773465067,59.0676378904,63.9850678271,69.9587146266,58.0222245984,58.7825083089,64.4601358113,52.9120087911,56.8681925884,62.154294494,51.2694185514,55.1411976424,59.8048871761,50.2752643709,48.803130195,54.7358834673,42.821118465]}