{"Year":[2000,2001,2002,2003,2004,2005,2006,2007,2008,2009,2010,2011,2012,2013,2014,2015,2016,2017,2018,2019,2020],"Value":[0.00459,0.00455,0.00448,0.0044,0.00438,0.00436,0.00429,0.00438,0.0044,0.00425,0.00411,0.0042,0.00424,0.00425,0.00428,0.00438,0.00439,0.00427,0.00433,0.00442,0.00445]}