{"Year":[2000,2001,2002,2003,2004,2005,2006,2007,2008,2009,2010,2011,2012,2013,2014,2015,2016,2017,2018,2019,2000,2001,2002,2003,2004,2005,2006,2007,2008,2009,2010,2011,2012,2013,2014,2015,2016,2017,2018,2019,2000,2001,2002,2003,2004,2005,2006,2007,2008,2009,2010,2011,2012,2013,2014,2015,2016,2017,2018,2019],"Units":["data.Tonnes_per_capita","data.Tonnes_per_capita","data.Tonnes_per_capita","data.Tonnes_per_capita","data.Tonnes_per_capita","data.Tonnes_per_capita","data.Tonnes_per_capita","data.Tonnes_per_capita","data.Tonnes_per_capita","data.Tonnes_per_capita","data.Tonnes_per_capita","data.Tonnes_per_capita","data.Tonnes_per_capita","data.Tonnes_per_capita","data.Tonnes_per_capita","data.Tonnes_per_capita","data.Tonnes_per_capita","data.Tonnes_per_capita","data.Tonnes_per_capita","data.Tonnes_per_capita","data.Kilograms_per_constant_2015_USD","data.Kilograms_per_constant_2015_USD","data.Kilograms_per_constant_2015_USD","data.Kilograms_per_constant_2015_USD","data.Kilograms_per_constant_2015_USD","data.Kilograms_per_constant_2015_USD","data.Kilograms_per_constant_2015_USD","data.Kilograms_per_constant_2015_USD","data.Kilograms_per_constant_2015_USD","data.Kilograms_per_constant_2015_USD","data.Kilograms_per_constant_2015_USD","data.Kilograms_per_constant_2015_USD","data.Kilograms_per_constant_2015_USD","data.Kilograms_per_constant_2015_USD","data.Kilograms_per_constant_2015_USD","data.Kilograms_per_constant_2015_USD","data.Kilograms_per_constant_2015_USD","data.Kilograms_per_constant_2015_USD","data.Kilograms_per_constant_2015_USD","data.Kilograms_per_constant_2015_USD","data.Tonnes","data.Tonnes","data.Tonnes","data.Tonnes","data.Tonnes","data.Tonnes","data.Tonnes","data.Tonnes","data.Tonnes","data.Tonnes","data.Tonnes","data.Tonnes","data.Tonnes","data.Tonnes","data.Tonnes","data.Tonnes","data.Tonnes","data.Tonnes","data.Tonnes","data.Tonnes"],"Value":[15.56642,15.9449,16.27433,17.17376,16.74107,14.96219,15.31776,15.83154,16.04899,15.57476,15.72987,15.48378,16.16143,16.45324,16.49969,17.25191,18.26477,18.58578,18.22295,17.96787,0.92331,0.90822,0.8658,0.89059,0.82924,0.71355,0.69653,0.68258,0.67374,0.65087,0.61794,0.5895,0.60417,0.59961,0.58568,0.59818,0.61711,0.61007,0.58212,0.56309,737525100.1310100555,760671137.8490099907,781160332.7041200399,828820891.9005099535,811832152.1142300367,728674783.9971200228,748738938.1205999851,776296395.4224300385,789328578.8169699907,768574775.0705200434,779346277.0813000202,770877863.1924300194,809051555.5590000153,828350448.5849000216,835014649.9978699684,876795357.6879700422,931200941.9850100279,949666842.9578000307,932499258.9395400286,920410002.5840200186]}