Year,Value
2010,63.6673688343896
2015,63.1596082974841
2020,62.6060673660477
